student_id,c1,c2,c3,c4,c5,c6,c7,c8,c9,c10,c11,c12,c13,c14,c15,c16,c17,c18,c19,c20,c21,c22,c23,c24,c25,c26
s1,0,0,0,1,1,1,1,1,1,0,1,1,0,1,1,1,0,1,1,0,0,0,1,1,1,1
s2,1,1,0,1,0,0,0,0,1,0,0,1,0,1,1,1,0,1,0,0,1,0,1,0,0,0
s3,0,0,0,1,1,1,1,1,1,1,1,0,0,1,0,0,0,1,0,0,1,0,0,0,1,0
s4,1,1,0,0,0,0,1,1,0,1,1,0,1,0,0,0,1,1,1,0,1,1,0,1,0,0
s5,1,1,1,1,1,0,0,1,1,0,0,0,1,0,1,1,1,1,1,1,0,0,1,0,0,0
s6,0,0,1,0,0,1,1,0,0,1,1,1,0,1,1,0,1,0,1,0,1,0,0,1,1,0
s7,0,0,0,0,0,0,1,0,1,1,1,1,0,0,0,0,0,1,1,1,1,0,0,0,0,1
s8,1,1,1,0,0,1,1,0,1,1,1,0,0,0,0,1,0,1,1,0,0,1,0,1,1,1
s9,0,0,1,1,0,1,0,1,1,1,1,0,1,1,1,1,1,0,1,0,0,1,0,0,0,1
s10,1,1,0,0,1,0,0,1,1,1,0,0,1,0,1,0,1,1,0,0,1,1,0,1,0,0
s11,1,1,0,0,1,0,1,1,0,1,0,1,1,1,0,0,1,1,0,0,0,1,0,1,1,1
s12,0,0,1,1,0,0,1,1,1,1,0,0,0,0,0,0,0,0,0,1,1,1,1,1,0,0
s13,1,1,0,1,0,1,1,0,1,1,0,1,0,1,1,0,0,1,0,0,0,1,0,1,1,0
s14,1,1,1,0,1,1,1,1,1,0,0,0,0,1,1,1,0,0,1,1,1,0,1,1,1,1
s15,1,1,0,1,1,1,1,1,0,1,1,0,0,1,1,1,1,1,0,1,0,1,1,1,0,1
s16,1,0,1,0,1,0,1,0,1,0,1,1,0,0,1,1,1,1,0,1,0,0,1,0,0,0
s17,0,0,0,0,0,0,1,1,0,1,1,1,0,1,1,0,1,1,0,0,0,0,1,1,1,1
s18,1,1,1,0,1,1,0,1,1,0,0,1,0,0,1,1,0,0,1,0,0,1,0,0,0,0
s19,1,1,1,0,0,1,0,0,1,0,0,1,0,1,1,1,1,1,1,0,1,1,1,0,1,1
s20,1,1,0,1,0,0,1,0,1,0,1,1,0,1,1,1,0,0,1,0,1,0,0,1,0,0
s21,1,1,1,0,0,0,1,0,1,1,0,0,0,0,1,1,0,1,0,1,0,1,1,0,1,0
s22,0,0,0,0,1,0,0,1,0,0,0,0,0,0,1,0,1,1,1,0,1,1,0,0,0,1
s23,1,1,0,1,0,1,1,0,0,1,1,0,0,0,1,0,1,1,0,0,0,1,0,1,0,0
s24,1,1,1,0,0,0,1,0,1,1,0,1,1,1,0,1,0,1,1,1,1,1,0,1,1,0
s25,0,0,1,0,1,0,1,1,0,0,1,1,1,0,0,0,1,1,0,0,0,0,0,0,1,0
s26,0,0,0,1,0,1,1,0,1,1,0,1,1,1,1,0,1,1,0,0,0,1,0,0,1,0
s27,0,0,0,0,1,1,1,0,0,1,1,1,0,0,0,1,0,1,1,0,1,0,1,1,0,0
s28,1,1,0,0,1,0,1,0,0,0,1,0,1,1,1,0,0,0,0,0,0,1,0,1,1,0
s29,0,0,0,0,0,1,1,0,0,1,0,1,1,0,1,0,0,0,0,1,1,0,0,1,0,0
s30,1,1,1,0,0,1,1,1,1,1,1,1,0,1,1,1,0,0,0,0,1,0,0,1,1,1
s31,1,1,0,1,1,0,1,1,1,1,0,1,0,0,0,0,1,0,0,1,1,0,0,1,1,0
s32,0,0,0,0,1,1,1,1,0,0,0,1,0,0,1,1,1,1,0,0,1,0,1,1,0,1
s33,0,0,1,1,0,1,0,0,0,0,1,0,0,0,0,0,0,1,0,0,0,0,1,1,1,1
s34,0,0,1,0,1,1,1,1,0,1,0,1,0,0,0,0,1,1,1,1,0,0,1,1,1,0
s35,0,0,0,0,1,0,1,1,0,1,1,1,1,0,0,1,0,0,0,0,1,1,0,1,1,1
s36,0,0,0,0,1,0,0,0,0,1,1,0,0,0,0,1,0,0,1,0,0,1,0,1,0,0
s37,0,0,1,0,1,1,1,1,0,1,0,1,0,0,1,0,0,1,1,0,1,0,1,0,1,1
s38,0,0,0,0,1,0,0,0,1,1,0,1,0,1,0,1,1,0,0,1,0,0,0,0,1,1
s39,1,0,1,0,1,1,0,1,0,1,1,1,1,1,1,1,0,1,1,0,0,0,1,1,1,0
s40,1,0,0,1,1,0,0,1,1,0,0,1,1,1,1,1,1,0,0,0,1,1,0,0,0,0
s41,1,1,1,1,0,1,0,0,1,0,0,1,0,1,1,0,0,0,0,0,1,0,1,0,1,1
s42,0,0,0,1,1,0,0,1,1,0,1,0,0,1,1,0,0,0,0,1,1,1,0,1,0,0
s43,1,1,1,0,1,1,1,1,1,1,1,0,0,0,1,0,1,0,0,1,1,0,0,1,0,0
s44,1,0,1,1,0,0,0,1,0,0,0,0,1,1,0,0,1,0,0,1,0,1,0,0,1,0
s45,0,0,1,0,1,1,1,1,1,1,0,0,0,1,1,0,0,0,1,1,0,0,0,1,0,1
s46,1,1,1,1,0,1,1,0,0,1,1,1,0,1,1,0,0,0,1,0,0,0,1,0,1,1
s47,0,0,1,1,1,0,1,1,0,1,1,0,1,1,0,0,1,1,1,1,0,0,0,1,1,1
s48,1,1,0,1,1,1,1,0,1,1,0,1,0,1,1,1,0,1,1,1,0,1,0,1,1,1
s49,0,0,1,1,1,1,1,1,1,0,1,0,0,1,0,1,0,1,0,1,1,0,0,1,1,1
s50,0,0,1,0,1,0,0,1,1,0,1,1,0,1,1,0,0,1,0,1,0,0,0,0,0,1
s51,1,0,1,0,0,0,1,0,1,0,0,1,0,0,0,0,0,0,0,0,0,1,0,1,1,0
s52,1,1,0,1,0,0,1,1,0,1,0,0,1,1,0,1,0,1,0,1,1,0,0,1,1,1
s53,1,0,1,0,0,0,0,0,1,1,0,1,1,0,1,1,1,1,1,1,0,0,1,1,0,0
s54,0,0,1,1,0,0,0,1,0,0,0,0,1,0,0,1,1,1,1,0,0,1,0,0,0,1
s55,1,1,1,0,0,0,0,1,0,0,0,1,0,1,1,1,0,0,0,1,1,1,0,1,1,0
s56,0,0,1,1,0,1,1,0,1,0,0,1,1,0,0,0,0,0,1,1,0,1,1,1,0,1
s57,1,1,1,0,1,1,1,0,0,1,0,0,1,0,1,1,1,0,1,1,0,1,1,1,0,0
s58,1,1,1,0,1,0,1,1,0,1,1,0,1,1,0,0,0,0,1,0,0,1,0,0,0,0
s59,0,0,1,0,1,0,1,0,0,1,0,0,1,0,1,1,0,1,1,1,0,0,1,1,1,0
s60,1,0,0,0,1,1,0,1,1,0,0,0,0,0,1,1,0,0,0,1,0,1,1,1,1,1
s61,1,1,0,1,1,0,0,1,0,0,0,1,1,1,1,1,0,1,0,0,1,1,1,1,1,0
s62,0,0,1,1,0,1,0,1,1,0,0,1,0,0,0,1,1,0,0,1,0,0,1,0,0,1
s63,0,0,1,1,0,0,0,1,0,1,0,1,0,0,1,1,0,1,1,0,0,1,1,0,0,1
s64,1,1,1,0,0,1,1,1,1,0,1,0,1,0,0,0,1,0,0,1,1,0,1,0,0,0
s65,1,1,0,1,0,1,0,0,1,1,1,0,1,0,1,1,0,1,1,1,1,0,1,1,1,0
s66,0,0,0,1,1,1,1,1,0,0,1,0,0,1,1,0,0,0,0,0,0,0,1,1,0,1
s67,0,0,0,0,1,1,0,0,0,0,0,0,0,0,1,0,1,0,0,1,1,1,0,1,1,1
s68,1,1,1,0,0,0,1,1,0,0,0,0,1,0,1,1,0,0,1,1,1,1,0,0,0,0
s69,0,0,1,0,1,1,1,0,1,0,0,0,0,1,1,1,1,0,1,1,1,1,0,1,1,1
s70,0,0,0,1,1,1,0,1,0,1,1,0,0,0,1,0,0,0,1,0,1,1,0,1,0,1
s71,0,0,0,0,1,0,1,0,1,1,1,0,1,1,0,0,0,1,0,0,0,1,1,1,1,0
s72,0,0,1,0,1,0,0,0,0,1,1,1,0,1,1,0,1,0,1,0,0,1,0,0,1,1
s73,1,1,1,0,1,1,0,0,0,1,0,1,1,1,0,1,1,0,0,1,1,1,1,0,0,0
s74,0,0,0,0,1,0,0,0,1,0,0,1,0,0,1,0,1,0,0,1,1,1,1,1,0,1
s75,0,0,0,1,0,1,0,1,1,0,1,1,0,0,0,1,1,0,1,1,0,0,1,1,1,0
s76,0,0,1,0,0,0,0,0,1,0,1,1,1,0,1,1,1,0,1,1,0,1,0,0,0,1
s77,1,1,1,1,1,0,1,0,1,0,1,0,1,1,0,1,0,0,1,0,0,0,1,0,0,0
s78,1,1,0,1,0,0,1,0,0,1,0,0,0,1,0,1,0,1,0,0,0,1,1,0,1,1
s79,1,1,1,0,0,1,0,0,0,0,0,1,1,0,0,1,0,0,0,0,0,1,1,0,0,0
s80,1,1,1,1,1,1,0,0,1,1,1,1,1,0,1,0,0,0,1,1,1,0,1,0,1,0
s81,0,0,0,1,0,0,0,1,0,0,0,0,0,1,1,1,1,1,1,1,1,1,0,0,1,1
s82,1,0,0,0,0,0,0,0,0,0,1,1,1,0,1,0,0,0,1,0,1,1,0,0,1,1
s83,1,1,0,0,0,0,0,1,1,1,0,0,0,1,0,0,1,0,1,1,1,0,0,0,1,1
s84,1,1,1,0,0,0,1,0,1,0,1,0,1,0,0,0,0,0,1,0,0,1,0,0,1,0
s85,0,0,1,0,0,0,1,1,0,1,0,0,0,0,1,0,1,1,1,0,0,0,0,1,1,1
s86,1,1,1,1,0,1,0,0,1,1,0,1,0,0,0,0,1,1,1,1,1,0,0,0,1,1
s87,1,1,0,1,1,1,1,0,0,1,1,0,1,0,0,1,0,1,1,1,0,0,0,0,1,1
s88,1,1,1,1,0,0,1,0,0,1,0,1,0,0,0,1,1,1,1,0,1,0,1,0,0,1
s89,1,1,1,1,0,1,1,1,0,1,0,0,0,1,1,0,1,0,0,0,0,1,1,1,0,1
s90,1,1,1,0,1,1,0,0,1,0,1,0,1,0,1,1,1,1,1,0,1,0,1,0,0,1
s91,1,1,1,1,0,0,1,1,1,0,0,0,0,1,0,0,0,0,0,1,0,0,1,1,1,0
s92,1,1,1,0,0,0,0,0,0,0,1,0,0,0,0,1,0,1,1,0,0,0,0,1,1,0
s93,1,1,1,1,1,0,1,0,0,1,0,0,0,0,1,1,1,1,1,1,0,0,0,1,1,0
s94,0,0,1,1,0,0,0,0,0,1,1,1,1,1,1,0,1,1,0,0,1,0,0,0,1,1
s95,1,1,0,0,1,1,0,0,0,0,0,0,0,0,1,0,0,0,1,0,0,1,1,0,1,1
s96,0,0,1,1,1,1,0,0,0,0,1,0,1,1,0,1,1,0,1,1,0,0,0,0,1,1
s97,0,0,0,1,1,0,1,1,0,1,0,1,0,1,1,0,1,0,1,0,0,1,1,1,0,0
s98,0,0,1,0,1,1,0,0,1,1,0,1,1,1,1,0,1,1,0,0,1,1,1,0,1,0
s99,0,0,1,0,1,1,0,0,0,0,1,0,0,0,1,1,0,0,1,0,0,0,0,0,1,1
s100,0,0,0,1,1,0,0,0,1,1,0,0,0,1,1,0,1,0,0,0,1,1,1,0,1,0
s101,0,0,0,1,1,1,1,0,1,1,0,1,0,0,1,1,1,0,1,0,1,0,0,1,0,0
s102,0,0,0,1,0,1,0,1,0,0,0,1,0,1,1,1,1,1,0,1,1,0,0,1,0,0
s103,0,0,1,1,1,1,1,0,1,1,0,1,0,0,0,1,1,0,1,1,0,0,0,0,1,1
s104,0,0,1,0,0,1,0,1,1,0,0,0,1,0,1,0,0,0,1,0,0,1,1,0,0,1
s105,0,0,1,0,1,0,0,0,1,1,1,0,1,0,0,0,0,1,0,0,0,1,1,1,1,1
s106,1,1,1,1,1,0,0,0,1,0,0,1,1,0,0,0,0,0,0,0,0,1,0,1,0,1
s107,1,1,0,0,1,0,1,0,0,0,1,1,1,1,0,1,0,1,0,1,0,0,1,1,0,0
s108,1,1,0,1,1,0,1,1,0,1,0,1,0,0,1,1,0,1,0,1,0,0,0,0,1,1
s109,0,0,0,0,1,0,0,1,1,1,0,1,1,0,1,0,0,1,0,1,1,0,1,1,1,1
s110,1,1,0,0,1,1,1,0,1,1,1,1,1,0,1,1,1,1,0,1,1,1,0,1,1,0
s111,0,0,0,1,1,1,1,1,0,1,1,1,0,1,1,1,0,0,1,1,0,1,1,0,1,0
s112,1,1,1,1,1,0,1,1,1,0,1,1,0,0,1,0,0,1,0,0,1,0,0,0,1,0
s113,0,0,0,1,0,1,0,0,1,1,1,1,0,1,0,1,0,1,1,1,1,1,1,0,1,0
s114,1,0,1,1,0,0,0,0,1,0,1,0,1,1,0,0,0,1,0,0,1,1,0,1,0,1
s115,0,0,1,1,0,0,1,0,0,1,0,0,0,1,0,0,1,0,1,0,0,0,1,1,0,0
s116,1,1,0,0,1,1,0,0,1,1,1,1,1,1,1,0,1,1,1,1,1,1,0,1,0,0
s117,0,0,1,0,0,1,0,1,0,0,0,1,1,0,1,1,0,1,1,1,0,1,1,0,0,1
s118,0,0,0,1,1,1,1,1,1,0,1,1,1,0,1,1,0,1,1,0,1,1,1,0,0,0
s119,1,0,1,1,0,0,1,1,1,0,0,0,0,0,0,1,0,1,0,0,1,0,1,0,1,1
s120,0,0,0,0,0,0,0,0,0,1,0,0,0,1,1,0,0,0,0,1,0,1,1,0,0,1
s121,0,0,0,1,1,0,1,0,0,0,0,0,0,1,1,0,1,0,1,1,0,0,1,0,1,1
s122,0,0,0,0,0,0,1,1,0,0,0,0,1,0,1,1,1,0,0,1,1,1,0,1,0,0
s123,0,0,1,1,0,1,1,0,1,0,1,0,0,0,1,1,1,1,0,1,0,1,1,1,0,0
s124,1,1,0,0,1,0,1,1,0,0,1,0,1,1,1,1,1,0,0,1,1,1,1,1,1,0
s125,1,1,0,0,0,0,0,1,1,1,1,0,1,0,1,1,0,0,0,0,0,0,1,1,1,0
s126,0,0,1,0,0,1,1,1,0,0,0,0,1,0,0,0,0,1,0,0,0,0,0,0,1,0
s127,0,0,0,1,1,1,0,1,1,1,1,1,0,0,0,1,1,0,1,1,1,1,1,0,0,0
s128,1,1,1,0,0,1,1,1,0,0,1,1,1,1,0,0,0,0,0,1,0,1,1,1,1,0
s129,0,0,0,1,0,1,0,0,1,1,0,1,1,1,0,1,1,0,1,0,1,0,0,1,0,0
s130,0,0,0,1,0,1,0,1,0,1,1,0,1,1,0,0,1,1,0,0,0,0,1,1,0,0
s131,0,0,0,1,0,1,0,1,0,1,1,1,0,0,1,0,1,0,1,1,0,0,1,1,1,0
s132,1,1,1,1,0,1,1,0,1,0,0,0,1,1,0,1,1,0,1,1,0,1,0,0,0,0
s133,0,0,0,0,0,0,1,1,0,0,1,0,0,1,0,0,1,1,1,0,0,0,0,0,1,0
s134,1,1,0,1,1,0,1,1,0,0,0,0,1,0,1,1,0,1,0,1,1,0,0,0,0,1
s135,1,1,1,1,1,1,0,1,0,1,1,0,0,0,0,1,0,1,1,0,0,1,0,1,0,1
s136,1,1,1,0,0,1,0,0,0,0,1,1,0,1,1,0,1,0,1,1,1,0,1,0,0,0
s137,1,1,1,1,1,0,1,1,1,0,0,0,0,0,0,0,0,1,0,0,0,1,1,1,1,0
s138,0,0,0,0,1,0,0,0,0,0,1,1,0,0,0,0,0,0,0,1,0,1,1,0,1,1
s139,1,1,1,0,0,0,1,0,0,0,0,1,1,0,0,1,1,1,1,0,1,0,0,1,0,1
s140,0,0,0,0,0,0,1,1,0,0,1,1,0,1,0,0,1,0,1,0,0,0,0,1,1,1
s141,1,0,0,1,1,1,0,0,1,0,0,0,0,0,1,1,1,0,0,0,0,0,0,0,0,1
s142,0,0,1,1,1,1,1,0,1,1,1,1,0,0,1,0,1,0,0,0,1,1,0,1,1,1
s143,0,0,0,1,0,1,1,1,0,0,1,1,1,1,0,0,0,0,1,0,1,0,0,1,0,0
s144,0,0,1,1,1,1,1,0,0,1,0,0,1,0,0,0,0,0,1,1,0,0,0,0,0,0
s145,0,0,1,0,0,0,0,1,1,1,0,1,0,0,0,1,0,1,1,0,0,1,1,1,1,1
s146,0,0,1,1,1,0,1,1,0,0,0,0,1,0,1,1,0,0,0,0,1,1,1,1,1,0
s147,0,0,0,0,1,1,1,1,0,1,1,0,0,0,1,0,0,1,1,0,1,1,0,1,1,1
s148,0,0,1,0,0,1,0,0,1,0,0,1,0,0,1,1,0,1,1,0,0,0,1,1,0,1
s149,0,0,1,1,1,1,1,0,1,0,0,1,0,1,1,0,0,1,1,0,1,0,1,0,1,0
s150,1,1,0,1,1,1,1,0,0,1,0,0,0,0,0,1,0,0,0,0,0,1,1,0,1,0
s151,1,1,1,1,1,0,0,0,0,0,1,1,1,0,1,1,0,1,0,0,0,0,1,0,0,1
s152,1,1,0,1,1,0,1,0,0,1,0,0,1,0,0,0,0,0,1,0,0,1,0,0,0,1
s153,0,0,1,0,0,1,1,0,1,1,1,1,1,0,0,0,1,1,0,0,0,0,1,1,0,0
s154,1,0,0,1,1,0,1,0,0,1,0,0,0,1,0,1,0,1,1,1,0,0,1,0,0,0
s155,1,1,1,1,0,0,1,1,0,1,1,1,0,0,1,0,1,1,1,0,1,0,0,1,0,0
s156,0,0,0,0,1,0,0,1,1,0,1,1,1,1,1,0,0,0,1,1,1,0,1,0,0,1
s157,0,0,0,1,1,1,1,1,1,0,0,1,0,1,0,1,1,1,0,1,0,1,1,1,1,0
s158,0,0,0,0,1,0,1,0,1,1,1,1,0,1,0,1,1,0,0,0,0,1,1,0,0,0
s159,0,0,0,1,1,0,0,0,1,0,0,0,0,1,1,0,1,1,1,1,1,0,0,0,0,1
s160,0,0,0,1,1,1,0,0,1,1,1,1,0,1,0,1,1,0,1,0,1,0,1,0,1,1
s161,1,0,0,0,0,0,0,1,1,1,1,0,0,0,1,1,1,0,1,0,0,1,0,0,0,1
s162,1,1,1,1,1,1,1,0,0,1,1,0,1,1,1,1,1,0,1,1,1,0,0,1,1,1
s163,1,1,1,0,0,1,1,1,1,0,0,0,0,1,1,0,0,0,0,1,0,0,1,0,1,0
s164,1,1,0,1,1,1,0,1,1,1,0,1,1,0,1,0,0,1,1,1,1,0,1,0,0,1
s165,1,0,0,0,0,1,1,0,0,1,1,1,1,0,1,1,1,1,0,1,0,1,1,0,0,0
s166,0,0,1,1,1,0,0,0,0,1,0,0,0,0,0,1,0,0,1,0,1,0,0,0,0,0
s167,0,0,0,1,1,1,1,1,0,0,0,0,1,1,0,0,0,0,1,1,1,0,0,1,1,0
s168,0,0,1,1,1,0,0,0,1,1,1,1,0,0,0,0,0,0,0,0,1,0,1,1,1,1
s169,1,1,0,1,0,1,0,1,1,0,0,0,0,1,0,0,0,0,0,0,1,0,0,0,1,0
s170,1,1,0,1,0,1,1,1,0,0,1,0,0,0,0,1,1,1,1,1,1,0,0,0,0,1
s171,1,1,0,1,1,0,1,1,1,1,0,1,1,0,0,1,0,1,0,1,1,1,1,1,0,0
s172,1,1,0,0,0,1,1,1,0,0,0,0,1,0,0,0,1,0,1,1,0,0,0,0,0,0
s173,0,0,0,1,0,1,1,1,0,0,1,0,0,0,0,0,0,1,0,1,0,0,1,1,1,1
s174,1,0,1,1,1,0,0,0,0,0,0,0,1,0,0,0,0,1,1,1,1,1,0,1,1,0
s175,0,0,0,0,1,1,1,0,0,1,0,1,1,1,1,0,0,0,0,0,1,1,0,0,0,0
s176,1,0,1,1,0,0,1,1,1,1,0,0,0,0,0,1,1,1,0,1,0,0,1,1,0,1
s177,1,1,0,0,1,1,1,0,0,0,0,0,1,0,1,1,0,1,0,1,0,0,0,1,0,1
s178,0,0,1,1,0,0,1,0,1,0,0,1,1,0,0,0,1,0,1,1,0,1,1,1,1,1
s179,1,1,0,1,0,1,1,1,1,0,0,0,0,1,0,0,1,1,1,1,1,0,1,1,0,1
s180,0,0,1,0,0,1,0,0,1,0,1,1,0,1,0,0,0,1,1,0,1,1,0,1,0,0
s181,0,0,1,0,0,0,0,1,1,1,0,0,1,1,0,0,1,0,0,0,0,1,0,1,0,0
s182,1,1,1,0,0,0,0,1,1,0,0,0,1,1,1,1,0,0,0,0,1,0,0,1,0,0
s183,0,0,1,1,0,0,1,0,1,0,1,0,0,0,0,0,0,1,0,0,1,0,0,0,0,0
s184,0,0,0,0,1,0,1,0,0,1,0,1,1,0,0,1,1,1,0,1,0,1,0,0,1,0
s185,1,0,1,0,1,0,1,0,0,0,1,0,1,1,0,1,1,1,0,1,0,0,0,1,1,0
s186,0,0,1,0,1,1,0,0,0,0,0,0,0,1,1,1,1,0,0,1,0,0,1,1,1,1
s187,0,0,1,0,0,1,1,1,1,1,0,1,0,1,1,1,1,1,1,0,1,1,1,1,1,1
s188,0,0,1,1,0,0,0,1,1,0,0,0,0,0,1,0,0,0,0,0,1,0,0,1,0,0
s189,1,1,0,0,1,0,1,0,0,0,0,1,0,0,1,0,0,1,1,0,0,1,0,0,1,0
s190,0,0,0,0,0,1,1,1,0,0,1,0,1,0,0,0,1,0,0,1,1,1,1,1,1,1
s191,0,0,1,1,1,0,1,0,1,1,0,0,1,1,0,1,0,1,1,0,1,0,0,1,1,0
s192,0,0,0,1,1,0,0,1,0,1,1,0,0,1,0,1,0,0,1,1,0,0,0,1,0,1
s193,0,0,0,1,0,1,0,1,1,1,0,1,0,0,0,0,1,1,0,0,0,0,0,0,0,0
s194,0,0,1,0,1,1,0,0,1,0,0,1,0,1,1,1,0,0,1,0,1,0,1,0,1,1
s195,0,0,1,1,1,0,0,1,1,1,0,1,1,0,0,0,0,1,0,0,1,0,1,0,1,1
s196,1,0,1,1,0,0,1,1,0,0,1,0,1,1,1,0,1,1,1,1,1,0,1,0,0,1
s197,1,1,0,1,0,0,1,1,0,0,0,1,1,1,1,1,0,1,1,0,1,1,0,1,1,0
s198,0,0,1,1,1,1,0,1,0,1,1,1,1,1,1,1,0,0,1,1,0,0,0,1,0,0
s199,0,0,1,1,0,0,0,1,0,0,1,1,1,1,1,1,1,1,1,0,1,0,1,0,1,0
s200,1,1,1,1,1,0,0,1,1,1,1,0,0,1,1,1,0,1,1,0,0,1,1,1,0,1
s201,0,0,0,0,0,0,1,1,0,1,0,1,1,0,1,0,0,1,0,1,1,0,1,1,0,1
s202,1,1,1,1,1,1,0,1,1,1,0,0,0,1,0,0,0,1,0,0,0,1,0,0,0,0
s203,0,0,1,0,1,0,0,0,1,0,1,1,0,1,1,1,0,0,0,0,0,0,1,1,0,1
s204,0,0,0,1,0,0,1,1,1,1,0,0,0,0,0,1,0,1,1,0,0,1,0,1,1,0
s205,1,1,0,1,1,1,0,1,0,0,0,0,0,0,0,0,1,1,0,0,1,1,0,0,0,1
s206,0,0,0,1,0,1,0,0,1,1,0,1,1,0,0,1,1,1,1,1,0,1,1,0,0,1
s207,1,1,1,0,1,1,1,0,0,0,0,1,0,0,1,0,0,0,1,0,1,0,0,1,1,1
s208,1,1,1,0,1,1,0,1,0,1,0,0,0,1,1,1,1,0,0,1,1,0,0,0,1,1
s209,1,1,1,0,1,1,0,1,0,1,1,0,0,0,0,0,1,0,1,1,1,1,0,1,0,0
s210,1,1,1,1,1,0,1,1,0,1,1,0,1,0,0,1,1,0,0,1,0,1,1,1,1,1
s211,0,0,0,1,0,0,0,0,0,1,1,1,0,1,1,0,1,1,0,1,1,1,0,1,0,0
s212,0,0,1,1,0,1,0,1,0,1,1,0,1,1,0,1,0,1,1,0,1,1,0,1,1,0
s213,0,0,0,1,1,1,0,1,1,1,0,1,1,1,0,1,1,0,0,1,1,1,1,0,0,0
s214,1,1,1,0,1,0,0,0,1,1,1,0,0,1,0,1,0,1,1,1,0,0,1,1,0,0
s215,1,1,1,1,0,1,0,1,1,1,0,1,1,0,1,1,1,0,1,1,0,0,0,1,1,1
s216,1,1,0,1,0,1,1,1,1,1,1,0,1,1,1,0,0,0,0,1,0,1,1,0,0,0
s217,1,1,0,0,0,1,1,0,1,1,0,0,1,0,0,0,1,0,1,1,0,1,0,0,0,1
s218,1,1,0,0,0,0,0,1,1,0,1,1,0,0,0,0,0,0,1,1,0,0,0,0,1,0
s219,1,1,1,0,0,1,1,0,1,0,0,1,0,0,0,0,1,1,1,1,0,0,0,1,0,0
s220,0,0,0,1,1,1,0,1,0,0,1,0,0,0,0,0,1,0,0,0,1,1,1,0,1,0
s221,0,0,1,0,1,1,1,1,1,0,1,0,0,0,0,1,1,0,1,1,0,1,0,0,1,1
s222,0,0,0,0,0,0,0,1,0,1,0,1,0,1,1,1,0,1,1,0,0,0,0,1,1,1
s223,1,0,1,0,1,0,1,1,1,0,0,1,1,1,0,0,0,0,0,1,0,1,0,0,0,1
s224,1,1,0,1,0,0,1,0,0,1,1,0,0,1,0,1,0,1,0,1,0,0,1,0,1,1
s225,1,1,0,1,0,1,0,1,1,0,1,0,1,0,0,1,1,0,0,0,0,1,1,0,1,0
s226,1,1,1,0,0,0,0,1,0,1,0,1,1,0,0,0,0,0,0,0,1,0,0,1,1,0
s227,0,0,1,1,1,0,1,1,0,0,0,0,1,0,0,1,0,1,0,1,0,1,0,0,1,0
s228,1,0,0,0,0,1,1,1,0,0,0,1,0,0,1,0,0,1,0,1,0,1,0,1,1,1
s229,1,1,0,1,1,1,0,0,1,1,0,0,0,0,0,1,0,1,0,0,1,1,1,1,1,0
s230,1,1,1,1,1,1,1,0,0,1,0,1,0,1,1,0,1,1,0,0,1,0,1,1,0,0
s231,0,0,1,0,0,0,0,0,0,1,0,1,0,0,0,1,1,1,0,1,1,0,1,0,1,0
s232,0,0,0,1,0,1,1,1,0,1,1,1,0,1,0,1,1,1,0,0,1,0,0,0,0,1
s233,1,1,0,0,1,0,0,1,0,1,0,1,0,0,0,1,0,1,1,0,0,0,0,1,1,1
s234,1,1,0,0,1,1,1,0,0,0,0,0,0,1,1,1,0,1,0,0,0,0,0,0,1,1
s235,1,1,1,1,0,1,0,0,0,1,1,0,0,0,1,1,1,1,0,0,0,0,1,1,0,1
s236,1,0,1,1,1,0,1,1,1,1,1,1,0,0,0,1,1,0,0,1,0,1,1,1,0,0
s237,1,1,1,1,0,0,1,1,1,1,1,0,1,1,0,0,0,1,0,0,0,1,1,0,0,1
s238,1,1,0,0,1,1,1,1,1,1,0,1,1,0,0,1,0,0,0,0,1,0,1,1,0,0
s239,0,0,1,0,0,0,0,0,1,1,1,0,0,0,1,0,1,1,0,0,1,1,0,1,0,0
s240,0,0,0,0,0,0,0,0,1,1,1,1,1,1,0,1,0,0,1,0,1,0,0,0,0,0
s241,1,1,1,0,0,1,0,0,0,0,0,1,1,0,0,1,0,0,1,0,1,0,0,1,1,1
s242,1,1,1,0,0,1,1,1,0,1,1,0,0,0,0,0,1,0,1,1,1,1,1,0,1,1
s243,0,0,1,0,0,0,1,0,0,0,1,1,0,1,1,1,0,0,0,0,0,0,1,0,0,1
s244,1,1,0,1,0,1,0,0,1,0,0,1,0,0,0,1,0,1,0,0,0,1,0,0,1,1
s245,1,1,1,0,0,0,1,1,1,1,0,1,1,0,1,0,0,0,1,0,1,1,0,1,1,1
s246,0,0,0,1,0,1,0,0,1,1,1,0,0,1,1,0,0,0,1,1,0,0,1,1,0,1
s247,1,1,1,1,0,1,0,0,0,1,0,0,0,1,0,0,1,1,0,0,0,0,0,1,0,1
s248,1,1,0,0,0,0,0,0,1,1,0,1,0,1,1,0,1,1,0,1,1,1,1,1,1,1
s249,0,0,1,0,0,0,0,0,1,1,1,1,1,1,1,1,0,1,1,1,0,0,0,1,1,1
s250,0,0,1,1,1,1,0,0,0,0,1,1,1,1,0,1,0,1,0,1,0,1,0,0,1,1
s251,0,0,0,0,0,0,0,1,1,1,1,0,0,1,0,1,1,0,1,1,1,1,0,0,0,1
s252,0,0,0,1,0,0,1,0,0,1,0,1,1,1,0,0,1,0,0,1,0,0,1,1,1,1
s253,1,1,0,0,1,1,0,0,1,1,1,1,0,0,1,1,0,0,0,0,0,0,0,0,0,1
s254,0,0,1,0,0,0,0,0,0,1,0,0,1,0,1,1,1,1,0,1,1,0,1,1,0,1
s255,0,0,0,0,0,1,1,0,0,0,0,0,1,1,1,0,0,0,1,1,1,1,0,1,1,1
s256,1,1,1,0,0,1,0,1,0,0,1,1,1,1,1,1,0,0,0,1,0,1,1,0,0,1
s257,1,1,1,0,1,1,1,0,0,1,0,0,0,1,1,1,1,1,0,1,1,0,1,0,1,0
s258,1,1,0,0,0,1,0,0,1,1,1,1,0,0,1,0,1,0,0,1,1,0,0,0,0,1
s259,0,0,0,1,1,0,0,0,0,1,1,1,1,0,1,1,1,1,0,1,1,0,0,0,1,0
s260,1,1,1,0,0,1,0,1,0,0,1,1,1,1,1,0,0,0,1,1,1,0,1,1,1,1
s261,0,0,1,0,1,1,0,0,1,0,0,0,1,0,1,1,0,0,1,0,1,0,0,1,1,0
s262,1,0,0,0,1,1,0,1,0,0,0,0,1,1,0,1,0,1,0,0,0,0,1,1,1,1
s263,0,0,1,0,1,0,0,0,0,0,1,1,1,0,0,1,1,0,0,0,1,1,1,1,0,0
s264,1,1,1,1,1,0,1,0,1,1,0,0,1,0,0,1,0,1,1,0,0,0,1,0,0,0
s265,0,0,1,1,1,0,1,0,0,0,0,0,0,0,0,1,0,1,0,1,1,0,1,1,0,1
s266,1,1,1,0,0,1,1,0,1,1,0,0,1,1,0,0,0,1,0,1,0,0,1,1,0,1
s267,0,0,1,1,0,0,0,0,0,1,0,1,1,0,1,1,0,1,0,0,1,0,0,1,1,1
s268,1,1,1,1,1,0,1,1,0,0,0,1,1,0,1,0,1,0,0,0,1,1,0,1,0,1
s269,1,1,0,1,0,0,0,1,0,0,1,1,1,1,1,0,1,0,1,1,1,1,0,0,1,0
s270,0,0,0,1,0,1,0,0,0,1,1,0,1,1,0,0,0,1,0,1,0,1,0,1,1,0
s271,1,1,1,0,1,0,1,0,0,1,0,1,1,1,0,1,0,0,1,1,0,1,1,1,1,1
s272,1,1,0,1,1,0,0,0,1,0,0,1,0,1,1,1,0,0,1,1,1,0,1,0,0,0
s273,0,0,1,1,0,1,0,1,0,1,1,0,0,1,1,0,0,0,0,1,1,0,0,0,1,1
s274,1,1,0,0,0,1,1,1,0,0,0,0,0,1,1,0,0,1,0,0,1,1,1,1,1,0
s275,0,0,0,1,0,1,1,0,0,1,1,0,0,0,1,0,0,0,1,0,0,1,0,0,1,1
s276,0,0,1,1,0,1,0,1,0,0,0,1,1,0,0,1,0,0,0,0,1,0,0,0,1,0
s277,0,0,0,0,1,0,0,0,0,1,1,1,1,0,1,1,0,0,1,1,0,0,1,0,1,1
s278,1,1,0,0,0,1,1,0,0,1,0,1,0,0,1,0,0,0,0,0,1,1,0,0,1,1
s279,0,0,0,1,0,0,0,0,1,1,1,0,1,0,1,1,1,1,1,1,0,0,1,1,1,1
s280,1,1,0,1,0,1,0,1,1,1,0,0,0,1,1,1,1,1,0,1,1,0,0,0,0,0
s281,1,1,1,1,1,0,0,0,1,1,1,1,0,1,1,1,0,0,1,0,0,1,0,0,0,0
s282,0,0,0,0,1,1,1,0,0,1,0,0,1,1,0,1,1,0,1,0,1,0,0,0,1,1
s283,1,1,1,0,1,1,0,0,0,1,0,0,1,0,1,0,1,1,0,0,0,1,1,1,0,1
s284,1,0,0,1,0,0,0,1,0,0,1,0,1,1,1,0,1,0,1,0,1,0,1,1,0,1
s285,1,1,1,1,0,0,1,0,0,0,1,0,1,0,1,1,1,0,0,1,0,0,1,0,1,1
s286,1,0,1,0,0,1,0,0,1,0,1,0,0,1,0,1,0,0,1,0,1,1,1,0,0,1
s287,1,1,0,1,0,0,1,0,1,0,1,0,1,0,0,1,1,0,1,0,0,0,0,0,0,1
s288,1,1,0,0,1,1,1,1,1,0,1,1,1,0,1,1,1,0,0,1,1,0,1,1,0,1
s289,1,1,0,1,0,1,1,1,1,1,1,1,0,0,1,0,0,1,0,1,0,1,1,0,0,1
s290,0,0,0,0,0,0,0,0,0,1,1,1,1,1,0,1,0,1,0,0,1,0,0,0,0,0
s291,0,0,0,0,1,0,1,1,1,0,1,1,1,0,0,1,0,0,1,0,0,1,0,0,1,1
s292,1,1,1,0,0,1,0,1,1,1,0,1,0,1,0,1,1,0,0,0,0,0,1,0,1,1
s293,1,1,0,0,0,1,0,1,0,1,1,0,1,0,0,1,0,1,1,0,0,1,0,0,1,1
s294,0,0,0,1,0,0,1,0,0,1,1,0,1,1,1,0,1,0,1,1,1,1,1,1,0,1
s295,0,0,0,1,1,1,0,1,0,0,1,1,1,0,0,0,1,0,1,1,1,0,1,0,1,0
s296,0,0,1,1,1,0,0,1,0,1,0,1,0,0,0,1,1,0,0,1,1,0,0,0,0,1
s297,1,0,1,0,0,1,0,0,0,1,1,0,0,1,1,0,0,0,0,1,0,1,1,1,0,1
s298,1,0,0,0,0,1,1,0,0,0,1,0,1,0,0,1,1,1,0,0,0,1,1,1,1,0
s299,0,0,1,0,0,0,0,0,1,1,1,1,0,0,0,1,0,0,1,0,1,1,1,0,1,1
s300,1,1,0,1,0,1,1,0,0,1,1,1,0,0,0,0,1,0,1,1,0,0,0,0,0,1
s301,0,0,0,1,1,1,1,1,1,1,1,1,0,1,1,0,0,0,0,0,1,0,0,1,1,1
s302,1,1,0,1,0,1,0,0,1,0,1,1,1,1,0,1,1,1,1,0,1,0,0,0,0,0
s303,1,1,0,1,0,0,0,0,1,0,1,0,0,0,1,0,0,1,1,0,0,1,1,1,1,1
s304,0,0,1,1,0,0,0,0,1,0,1,1,1,1,0,0,1,0,1,0,1,1,1,1,1,1
s305,1,1,1,1,1,1,1,1,0,0,0,1,1,1,0,0,0,1,0,1,1,0,1,0,1,0
s306,1,1,0,1,0,0,0,0,1,1,0,0,1,0,1,1,0,1,0,0,0,0,1,0,1,1
s307,1,0,1,1,1,1,0,0,1,0,1,1,1,0,0,0,0,1,0,1,0,0,0,1,1,1
s308,1,1,1,0,0,0,0,0,0,0,1,1,1,0,0,1,1,1,0,0,1,1,0,0,1,1
s309,0,0,0,0,1,1,0,1,0,0,0,1,1,0,1,1,1,0,0,1,1,1,1,0,0,1
s310,1,1,0,1,1,1,1,1,1,0,0,0,0,1,1,1,0,0,1,0,0,0,1,0,1,0
s311,0,0,0,0,1,1,1,0,1,0,1,0,1,1,0,1,1,0,1,1,1,1,1,1,1,1
s312,0,0,1,0,1,0,0,0,1,0,0,1,0,1,0,1,1,1,1,0,0,1,1,1,1,1
s313,0,0,1,0,1,0,1,1,0,0,0,0,1,0,1,1,0,0,1,0,0,1,1,1,1,0
s314,1,1,0,1,0,1,1,1,1,1,0,0,1,1,0,1,0,1,1,0,1,0,0,1,0,0
s315,0,0,0,0,1,1,1,1,0,0,1,0,0,1,1,0,1,0,1,1,0,0,1,0,0,0
s316,1,1,1,1,1,1,1,0,0,1,1,1,0,0,0,0,0,0,0,1,0,1,0,1,1,1
s317,0,0,1,1,0,1,1,1,0,0,1,0,1,1,0,1,1,0,0,1,0,1,0,1,1,0
s318,0,0,0,0,0,0,1,1,1,1,0,0,0,0,1,0,0,0,0,1,1,0,1,0,0,0
s319,0,0,1,1,1,1,0,0,0,0,1,1,1,0,1,0,0,1,1,0,0,1,1,1,0,1
s320,1,1,1,1,1,0,1,1,1,1,0,1,0,0,1,0,1,0,0,1,0,0,1,0,0,1
s321,1,1,0,1,0,0,0,1,0,0,0,1,1,0,0,0,1,0,0,1,0,0,1,1,1,1
s322,1,1,1,0,1,0,1,0,1,1,1,0,1,0,1,0,0,1,0,0,1,0,0,1,0,1
s323,0,0,0,1,0,1,1,1,0,0,1,1,0,0,0,0,1,1,0,1,0,1,0,0,1,1
s324,1,0,0,1,0,1,0,1,1,0,0,1,1,1,0,1,1,0,1,1,1,1,0,1,1,0
s325,1,1,1,0,1,0,0,1,0,0,1,1,0,1,1,1,0,0,1,1,0,1,0,0,0,0
s326,1,1,1,0,1,0,1,1,1,1,1,1,1,0,1,1,0,0,0,0,0,0,1,0,1,0
s327,0,0,0,0,1,1,0,1,1,0,1,1,1,0,0,1,1,1,1,0,0,1,0,0,1,0
s328,0,0,0,1,1,1,1,0,0,0,1,1,1,0,1,1,0,0,1,1,0,1,1,0,1,1
s329,0,0,0,1,0,1,1,0,0,1,1,0,1,0,0,1,1,1,1,0,1,1,1,0,1,0
s330,1,1,0,0,1,1,0,0,0,1,1,0,0,1,0,1,1,0,1,1,1,1,0,1,1,1
s331,1,1,1,1,1,0,0,0,1,1,1,0,1,1,0,0,1,1,1,1,0,1,1,0,1,0
s332,0,0,0,0,1,1,0,0,0,1,0,0,1,0,1,1,1,0,0,0,1,1,1,1,1,1
s333,0,0,1,1,1,0,1,0,0,1,1,1,0,1,1,0,1,1,1,0,1,1,1,0,1,1
s334,0,0,0,1,1,0,0,0,1,0,1,0,0,0,0,1,1,0,1,0,0,1,1,1,0,1
s335,0,0,0,0,0,0,1,0,0,0,0,0,1,0,0,0,0,1,0,1,0,0,1,0,0,0
s336,1,0,1,0,0,1,1,1,1,0,0,1,0,0,1,1,1,0,1,1,0,1,0,0,0,0
s337,1,1,0,1,0,1,0,0,1,0,0,1,1,0,0,1,1,0,1,1,1,0,1,0,0,0
s338,0,0,1,1,0,1,1,0,1,1,1,1,0,0,0,0,0,1,1,0,0,0,0,0,0,0
s339,0,0,0,0,0,1,0,1,1,0,1,1,1,1,0,0,0,0,0,1,1,0,1,0,0,0
s340,0,0,0,1,1,0,0,1,0,0,0,0,0,0,0,1,0,0,1,0,0,0,1,1,1,0
s341,0,0,0,1,0,0,1,1,1,0,0,0,0,0,1,0,0,0,1,1,0,0,0,1,0,0
s342,0,0,1,1,0,0,1,0,0,1,0,1,1,1,0,0,0,0,1,0,1,0,0,1,1,1
s343,1,1,1,1,1,1,0,0,0,0,1,0,1,1,1,1,1,0,0,0,1,0,0,0,0,0
s344,1,1,1,0,1,1,1,1,0,1,0,1,0,0,0,0,1,0,1,0,0,1,1,0,1,0
s345,0,0,0,0,1,0,0,1,1,0,1,0,0,0,0,0,0,0,1,1,1,0,0,1,1,0
s346,0,0,0,1,1,1,0,0,1,1,1,0,1,0,1,0,0,1,1,1,0,1,0,1,0,0
s347,0,0,0,0,0,0,0,0,0,0,0,0,0,1,0,1,0,0,0,0,1,1,1,0,0,1
s348,0,0,1,0,0,0,0,0,0,1,0,1,1,1,0,1,0,1,1,0,0,1,1,1,0,0
s349,1,1,1,0,1,1,1,0,1,0,1,0,1,0,0,1,1,1,1,1,1,0,0,0,0,0
s350,0,0,0,0,0,1,0,0,0,1,0,1,1,1,0,1,1,1,1,1,1,1,1,1,0,0
s351,0,0,1,0,0,1,1,0,1,1,1,0,0,1,1,0,1,0,1,1,0,0,0,0,0,1
s352,0,0,0,1,0,0,1,1,0,1,0,1,1,0,0,1,0,1,0,0,1,0,1,1,0,1
s353,1,1,1,1,1,0,0,0,1,0,0,1,0,0,1,0,1,1,0,0,1,0,0,1,0,1
s354,1,1,0,0,1,0,1,1,1,0,1,0,1,1,1,0,1,1,0,1,0,1,1,0,1,0
s355,0,0,0,1,0,1,0,1,0,1,1,0,1,1,0,1,1,0,0,1,0,0,1,1,1,1
s356,0,0,1,0,0,0,1,0,0,0,0,1,1,0,0,0,0,0,1,1,1,1,0,1,1,1
s357,1,1,0,0,1,1,1,1,0,0,0,1,0,0,1,0,0,1,1,0,1,0,0,1,0,1
s358,1,0,1,0,0,0,0,0,1,1,1,0,1,0,1,1,1,0,1,1,1,1,0,0,0,0
s359,0,0,0,0,0,0,1,0,1,0,0,0,1,0,0,1,1,1,0,0,0,1,0,1,1,0
s360,1,1,1,1,0,0,0,0,0,0,0,0,1,0,0,1,1,0,0,0,1,0,0,1,0,0
s361,1,1,1,1,0,1,0,0,0,1,0,1,0,0,0,1,0,0,1,0,0,1,1,0,1,0
s362,1,1,0,1,1,1,1,0,1,1,1,1,1,0,0,0,1,1,0,1,0,0,0,0,1,1
s363,1,0,1,0,1,1,0,1,1,0,1,1,0,0,1,1,0,1,1,0,1,0,0,1,1,0
s364,0,0,0,0,1,1,0,1,0,1,0,1,1,1,0,0,0,0,0,1,1,0,0,0,1,1
s365,1,0,0,1,0,1,0,1,1,1,0,1,1,1,0,1,1,0,0,1,1,0,0,1,1,0
s366,1,1,0,0,1,0,1,1,0,1,0,0,0,1,1,1,1,1,1,1,0,0,0,0,1,1
s367,0,0,1,1,0,0,1,1,0,0,1,0,0,0,0,0,1,1,1,1,1,0,0,1,1,1
s368,1,1,1,0,0,1,1,1,1,1,0,1,0,0,1,1,0,1,1,0,1,1,0,0,1,0
s369,0,0,0,1,1,0,1,0,1,1,0,0,1,1,0,0,1,0,1,0,1,1,0,0,0,0
s370,0,0,1,0,0,0,1,1,1,0,0,1,0,0,1,1,1,0,0,0,0,0,1,0,1,0
s371,1,1,1,1,0,1,1,1,1,0,1,0,1,1,0,1,0,0,1,0,0,0,1,1,1,1
s372,1,0,1,0,0,1,0,0,0,0,0,1,0,1,0,0,1,1,1,0,0,1,1,1,0,1
s373,1,1,0,1,0,0,1,1,1,0,1,0,1,1,0,1,1,0,1,1,1,1,0,0,0,1
s374,1,1,1,1,0,0,0,0,0,1,0,0,1,0,0,0,1,0,0,0,1,1,1,0,0,1
s375,0,0,0,0,1,0,0,1,0,1,0,0,1,1,0,0,1,1,1,0,0,0,0,1,0,1
s376,1,1,1,1,1,0,1,0,1,0,1,1,1,0,0,0,1,1,1,1,1,1,1,1,0,1
s377,0,0,1,0,1,1,1,0,0,0,0,0,1,1,0,1,1,1,0,1,1,1,1,1,1,1
s378,1,1,1,0,1,0,1,0,0,0,1,1,0,1,0,1,0,0,0,0,1,1,0,1,1,0
s379,1,1,0,0,0,0,0,0,0,1,1,0,1,0,0,1,1,0,1,1,0,0,1,0,1,1
s380,0,0,1,0,1,1,1,0,1,0,1,1,1,0,1,0,0,1,0,0,1,0,1,0,1,0
s381,1,0,1,0,1,1,0,0,1,0,0,0,0,1,0,0,0,0,0,0,1,0,0,1,1,1
s382,1,1,0,1,0,1,0,1,1,1,1,0,1,1,1,1,1,0,0,1,1,1,0,0,0,1
s383,0,0,0,1,1,0,0,0,0,1,0,1,0,1,1,0,1,0,0,0,1,1,0,0,1,0
s384,0,0,1,1,1,0,1,0,1,0,1,0,1,1,0,1,1,0,1,0,0,0,1,1,0,0
s385,1,1,0,1,1,0,0,1,0,0,1,1,1,0,1,0,0,0,1,0,1,1,0,1,0,0
s386,1,1,0,0,0,1,0,1,1,0,0,0,0,0,0,1,1,1,0,0,1,0,1,1,0,1
s387,0,0,1,1,0,0,1,0,0,0,1,0,1,1,0,1,1,1,0,0,0,0,0,1,0,0
s388,1,1,0,1,0,1,0,1,0,0,0,1,1,1,0,1,0,1,0,0,0,1,0,0,1,1
s389,0,0,0,1,0,0,0,1,1,1,1,0,1,0,1,1,0,1,1,0,1,0,1,0,1,1
s390,1,0,1,1,1,0,0,1,1,0,0,0,0,1,1,0,1,0,1,0,1,1,0,1,0,0
s391,1,1,0,1,0,0,1,1,0,1,1,0,0,1,0,0,1,0,0,0,0,1,1,0,0,0
s392,0,0,0,0,0,1,1,1,0,1,0,1,0,0,0,0,0,0,1,0,1,0,1,1,1,0
s393,0,0,1,0,0,1,1,0,1,0,0,1,1,1,1,1,1,0,0,1,0,0,0,0,1,0
s394,0,0,1,1,0,0,1,1,0,0,0,1,0,0,0,1,0,1,0,0,0,0,1,1,0,0
s395,1,1,0,1,1,0,0,1,0,1,0,1,1,0,1,0,1,0,0,0,0,0,1,1,0,1
s396,1,1,1,1,0,1,1,0,1,0,0,1,1,1,0,1,0,1,0,1,1,0,0,1,0,1
s397,0,0,1,0,1,1,0,0,0,1,0,0,0,1,0,1,0,1,1,1,1,1,1,0,0,1
s398,0,0,0,1,0,0,0,0,1,1,1,0,0,1,0,1,1,0,1,1,0,1,0,0,0,0
s399,1,1,1,0,1,1,0,0,1,0,1,1,1,1,0,0,1,1,0,1,1,1,1,0,1,1
s400,0,0,1,1,0,1,0,1,1,0,1,0,0,0,0,1,1,1,0,0,1,1,1,1,0,0
s401,0,0,1,0,1,1,1,0,1,1,1,1,0,0,1,1,1,0,0,1,0,0,0,1,1,0
s402,0,0,0,1,1,0,1,1,0,1,0,1,1,0,1,1,1,0,1,1,1,0,0,0,0,1
s403,1,1,1,0,1,0,0,0,1,1,1,0,0,1,0,1,1,0,1,0,0,0,0,0,1,1
s404,1,1,0,0,0,0,1,0,0,0,0,1,0,0,1,0,1,1,1,0,0,0,0,1,1,0
s405,0,0,0,0,0,1,1,0,1,1,1,0,0,0,1,0,1,1,1,0,1,1,0,0,1,1
s406,0,0,1,1,0,0,0,0,0,1,1,1,0,0,1,0,0,1,1,0,0,1,1,1,1,1
s407,0,0,1,1,0,0,0,1,0,1,0,1,0,0,0,1,0,0,0,0,1,1,0,0,0,1
s408,1,0,0,0,0,0,1,0,1,1,1,0,1,1,1,1,1,1,1,0,1,0,1,0,0,0
s409,1,1,1,1,1,0,1,1,0,0,0,0,0,0,1,1,1,0,0,0,1,1,1,0,0,1
s410,0,0,1,1,1,0,1,0,0,1,0,0,0,0,1,0,0,0,0,1,1,1,1,1,1,1
s411,1,1,0,0,1,0,1,0,0,1,0,0,0,0,0,1,1,0,0,0,0,0,0,0,0,0
s412,0,0,1,0,0,1,0,1,0,1,1,1,1,1,0,0,1,0,0,1,0,1,1,1,0,0
s413,0,0,1,1,0,0,0,1,0,0,0,1,0,0,1,1,0,1,0,1,1,1,1,0,0,1
s414,1,0,0,1,1,1,0,0,1,1,1,0,0,1,1,1,1,0,1,1,0,0,0,0,0,0
s415,0,0,1,1,0,0,1,1,1,0,1,0,1,0,0,0,0,0,1,1,1,0,1,0,0,1
s416,0,0,0,1,1,1,0,1,1,1,1,1,1,0,0,0,0,0,1,1,0,1,0,0,0,1
s417,0,0,0,1,1,0,1,0,1,1,0,0,0,0,1,1,1,1,1,0,0,1,0,1,1,1
s418,0,0,1,1,0,0,0,0,1,0,0,1,0,1,0,1,0,0,0,1,1,1,0,0,1,1
s419,0,0,1,1,0,0,0,1,0,0,1,1,0,1,0,0,1,0,1,0,1,0,1,1,0,0
s420,1,1,0,0,0,0,0,1,0,1,0,1,1,0,1,0,0,0,1,0,1,0,0,1,0,1
s421,1,1,1,1,0,1,1,1,0,0,1,0,1,1,0,1,1,0,0,1,0,0,0,1,1,0
s422,1,0,1,1,0,0,1,1,1,0,1,1,1,1,0,0,1,0,0,1,0,0,1,1,1,0
s423,1,1,0,1,0,1,1,0,1,1,1,0,0,1,0,1,1,0,1,1,1,1,0,0,0,1
s424,0,0,1,1,0,1,0,1,0,1,1,0,0,1,1,1,1,1,1,0,0,0,0,0,1,1
s425,1,1,0,1,1,1,1,1,1,1,1,0,0,1,1,0,0,0,0,0,0,1,0,0,1,1
s426,1,1,0,1,1,1,1,1,1,0,1,1,1,0,1,0,1,0,1,1,1,0,1,0,0,1
s427,1,1,1,0,1,1,1,1,0,1,0,1,1,1,1,1,1,1,0,0,0,0,1,1,0,1
s428,1,1,1,1,0,0,0,1,1,0,1,0,1,1,0,0,0,1,1,1,0,0,0,0,1,1
s429,0,0,0,1,0,0,0,1,1,1,0,0,1,1,1,1,1,1,0,1,1,1,1,0,1,0
s430,1,1,0,1,1,0,1,1,0,1,1,1,0,0,1,1,1,0,0,0,0,1,1,1,1,0
s431,1,1,0,0,0,0,0,0,1,0,0,1,1,0,1,0,1,1,0,1,1,1,0,0,0,0
s432,1,1,0,0,0,0,0,0,0,1,0,1,0,1,0,1,1,1,0,0,0,0,1,0,1,0
s433,1,0,0,0,0,1,1,1,1,1,1,0,1,0,1,1,0,1,0,1,1,0,0,1,0,0
s434,1,1,1,1,1,0,0,0,0,1,0,1,0,1,0,0,0,0,1,0,1,1,0,1,0,1
s435,1,1,1,0,0,1,0,0,0,0,0,0,1,0,1,1,0,1,1,1,0,1,0,1,1,0
s436,1,0,0,1,1,1,0,0,0,0,1,1,0,0,1,0,0,0,0,1,0,0,0,1,0,0
s437,0,0,0,0,1,0,0,1,1,1,1,0,0,0,0,0,1,0,1,0,0,0,0,1,1,1
s438,0,0,0,0,0,1,1,0,1,1,1,1,0,0,1,0,0,0,0,1,0,0,0,0,1,1
s439,1,1,1,0,0,1,0,1,0,1,0,1,1,0,0,0,0,1,0,0,0,0,0,0,0,0
s440,0,0,1,0,1,1,0,0,0,1,1,0,1,1,0,1,1,0,0,1,0,1,1,0,0,1
s441,1,1,0,1,1,1,0,0,1,0,1,1,1,1,0,0,0,1,0,0,0,0,0,1,1,0
s442,0,0,0,1,1,1,0,0,1,0,1,1,0,1,1,1,0,0,0,0,0,1,1,1,0,1
s443,0,0,1,0,1,1,0,1,0,1,0,1,0,1,0,1,0,0,0,1,1,1,1,1,1,0
s444,1,0,1,1,1,0,0,0,0,0,0,1,0,0,0,1,0,0,0,1,1,1,1,0,0,1
s445,1,1,1,0,0,1,0,1,0,1,0,0,1,0,1,0,0,0,1,1,0,0,0,1,0,0
s446,0,0,0,0,1,0,1,0,1,1,0,0,1,1,1,0,1,0,1,0,0,0,0,1,1,1
s447,0,0,0,1,1,0,1,0,0,1,0,0,0,1,0,1,0,1,1,1,0,0,1,1,1,0
s448,0,0,0,1,1,1,0,1,0,1,1,1,0,0,1,0,0,0,1,0,1,0,0,1,0,1
s449,0,0,0,1,1,0,0,1,0,0,0,0,1,0,0,0,1,1,0,0,0,0,1,1,1,1
s450,0,0,1,0,0,1,0,1,1,0,0,1,0,0,1,1,1,1,0,1,0,1,0,1,0,1
s451,1,1,0,0,1,1,1,1,0,0,0,1,1,1,0,0,1,0,0,1,0,1,1,1,1,1
s452,1,1,1,0,1,1,0,0,1,0,1,1,1,0,1,1,0,1,1,1,1,0,1,0,1,1
s453,1,1,1,0,0,1,1,0,0,0,1,0,0,0,0,1,0,0,0,1,0,1,0,0,1,1
s454,0,0,0,1,1,0,0,1,0,0,0,0,0,0,1,1,0,1,1,0,0,1,0,1,0,0
s455,0,0,0,1,1,0,0,1,1,1,1,0,0,0,1,1,1,0,1,0,1,0,1,1,1,0
s456,1,1,0,1,1,1,1,1,1,1,1,0,1,1,1,0,0,0,1,0,0,1,1,1,0,0
s457,0,0,0,0,1,1,0,1,1,0,1,1,1,0,1,0,0,1,1,1,1,1,1,0,1,1
s458,0,0,0,0,1,1,1,1,0,0,1,0,0,0,0,1,0,0,1,1,0,1,1,1,1,1
s459,1,1,1,0,0,0,0,1,0,0,1,1,1,1,1,0,1,0,0,1,0,1,1,0,1,1
s460,0,0,0,1,0,1,0,1,1,0,0,1,1,0,1,0,0,0,0,0,1,1,0,1,1,1
s461,1,0,0,1,1,1,0,1,0,1,1,0,1,1,0,1,1,0,0,1,0,1,1,0,0,1
s462,1,1,0,0,0,1,1,0,0,1,1,1,0,0,0,0,1,0,0,1,0,0,1,1,0,0
s463,0,0,0,1,1,0,1,0,0,0,0,1,1,1,0,1,0,0,0,0,0,0,1,0,1,0
s464,1,1,0,0,1,0,0,0,1,1,1,1,1,1,0,0,0,1,0,1,0,0,0,1,0,1
s465,0,0,0,0,0,1,0,1,0,1,0,1,0,0,0,1,1,1,0,1,0,0,1,0,0,0
s466,1,1,0,1,1,0,1,1,1,0,1,1,0,1,0,0,0,1,1,0,0,0,1,0,0,1
s467,0,0,1,1,0,0,1,1,0,1,0,0,1,0,1,0,1,1,0,0,1,1,1,1,0,1
s468,0,0,0,1,0,0,1,0,1,0,1,1,0,1,1,0,1,0,0,0,1,0,0,0,0,1
s469,0,0,1,0,0,0,1,0,0,0,0,0,1,1,1,1,0,1,1,1,1,0,1,1,0,1
s470,0,0,1,0,0,0,1,0,1,1,1,1,1,0,0,0,0,1,0,0,0,1,1,1,1,1
s471,0,0,1,1,1,0,1,0,1,0,0,0,1,0,0,0,0,0,1,0,0,0,0,0,0,1
s472,0,0,0,1,0,1,0,0,0,0,1,1,1,0,1,1,1,1,1,0,1,0,1,0,0,0
s473,0,0,0,0,0,0,0,0,0,1,1,0,0,0,1,1,1,1,1,1,1,0,0,1,1,1
s474,1,1,1,0,1,1,0,0,1,1,1,1,0,0,0,1,1,0,1,1,0,0,1,0,0,1
s475,0,0,1,0,0,1,0,1,1,0,0,0,1,1,1,1,1,0,0,1,0,0,0,1,0,0
s476,0,0,0,0,1,1,1,1,1,1,0,1,1,0,0,1,1,0,0,1,0,1,1,1,1,0
s477,0,0,0,0,0,0,0,1,1,0,1,1,0,1,0,1,0,1,1,0,0,1,1,1,1,1
s478,0,0,1,1,0,0,0,1,1,0,0,1,1,0,0,1,1,1,1,1,1,1,1,1,0,1
s479,0,0,1,1,0,0,0,0,0,0,0,1,0,1,0,0,1,0,0,0,0,0,1,1,1,0
s480,1,1,0,1,1,1,0,1,0,1,0,1,1,1,1,0,0,1,0,1,1,0,1,1,1,1
s481,0,0,1,1,0,0,1,0,1,1,1,0,0,1,1,0,0,0,1,0,1,1,1,0,0,1
s482,0,0,0,1,1,1,0,0,0,1,0,0,0,1,0,1,1,0,1,1,0,1,1,1,0,1
s483,0,0,0,0,0,0,1,1,0,0,1,1,0,1,1,0,0,1,1,1,0,1,1,0,1,1
s484,0,0,1,0,1,1,1,0,1,0,0,0,0,0,0,0,1,1,0,0,0,1,1,1,0,1
s485,0,0,0,0,1,0,0,0,0,1,1,0,1,0,1,0,0,1,1,1,1,1,1,0,0,0
s486,1,1,0,1,1,0,1,0,0,1,0,1,0,1,1,1,0,1,0,0,0,1,1,0,1,0
s487,0,0,1,0,1,0,0,0,1,0,0,1,0,0,0,1,0,1,1,0,1,0,0,0,0,0
s488,1,1,0,0,1,0,0,1,0,0,1,0,1,1,0,1,0,1,0,0,0,0,1,0,0,0
s489,0,0,1,0,0,1,0,1,0,1,1,0,0,0,1,1,1,1,0,1,0,0,1,0,0,0
s490,1,1,1,1,0,1,1,0,0,1,0,0,1,1,1,0,1,0,0,0,0,0,1,0,1,1
s491,1,1,1,0,0,0,1,1,0,0,1,1,0,0,1,1,1,0,0,1,1,0,0,1,1,0
s492,1,1,1,0,1,1,1,1,1,0,1,1,0,1,1,0,0,0,1,0,1,1,0,1,0,0
s493,0,0,0,1,1,0,1,0,0,1,0,1,0,1,0,1,1,0,0,0,1,1,0,0,1,0
s494,1,1,0,0,1,0,0,1,1,1,0,1,0,1,1,1,0,1,1,0,1,0,0,1,1,0
s495,0,0,0,0,0,0,1,0,1,1,1,0,1,0,0,0,0,0,1,0,0,0,0,1,0,0
s496,1,1,0,0,0,1,0,1,1,1,1,0,0,1,0,1,1,0,1,0,0,1,0,0,0,1
s497,0,0,0,0,1,1,1,0,1,0,0,1,0,1,1,1,0,1,0,0,0,1,0,0,0,1
s498,0,0,1,0,0,1,0,1,1,0,1,0,1,1,0,1,0,0,0,1,0,1,1,0,0,0
s499,0,0,1,1,0,1,0,1,1,0,1,1,1,0,0,0,1,1,1,1,0,0,1,1,1,1
s500,0,0,0,1,1,1,1,1,0,0,1,1,1,1,0,0,0,0,0,0,1,0,1,0,0,1
s501,1,0,0,0,1,0,0,0,1,1,1,0,0,1,1,1,0,1,0,1,0,0,1,1,1,1
s502,1,1,1,1,1,1,0,0,1,1,1,1,1,0,1,1,1,0,1,1,1,0,0,1,1,0
s503,1,1,1,1,0,0,1,1,0,0,1,0,0,0,0,0,1,1,0,0,0,0,1,0,0,1
s504,1,1,0,1,0,0,1,1,1,0,0,0,1,1,1,0,0,0,0,1,0,1,0,0,1,0
s505,0,0,0,0,0,1,0,0,1,1,0,0,0,1,1,1,1,1,0,1,1,0,0,0,0,1
s506,0,0,0,1,1,1,0,1,1,0,1,0,0,1,1,1,0,0,0,1,1,0,0,1,0,1
s507,0,0,0,1,0,0,0,1,1,0,0,0,0,1,1,1,1,0,1,0,1,1,1,0,0,1
s508,0,0,0,0,1,1,1,1,1,1,1,1,0,1,1,0,1,1,0,1,1,0,1,1,0,1
s509,0,0,1,1,0,0,1,0,0,0,0,1,1,0,1,1,1,1,0,0,1,0,1,0,0,0
s510,1,0,0,0,1,0,1,0,1,1,0,0,0,0,1,1,0,1,1,1,1,1,1,1,1,1
s511,0,0,0,0,0,0,1,0,1,1,0,0,0,1,0,0,0,0,0,0,0,0,1,1,0,1
s512,1,1,0,1,0,0,1,0,1,1,0,0,1,1,0,1,1,1,1,0,1,0,1,0,0,0
s513,0,0,0,0,1,0,0,0,1,1,0,0,1,1,0,0,0,1,0,0,0,0,0,0,0,0
s514,1,1,1,1,0,1,0,1,1,1,1,1,0,0,1,0,0,0,1,0,0,0,1,0,1,1
s515,1,1,1,1,0,1,1,1,1,0,1,1,0,1,0,1,1,1,0,0,0,0,1,1,1,1
s516,0,0,0,1,1,0,1,1,1,0,0,1,1,0,0,0,0,0,1,0,1,1,1,1,0,1
s517,0,0,1,0,1,1,1,0,0,0,1,0,1,1,1,1,1,0,1,0,1,0,1,1,1,1
s518,0,0,1,0,0,0,0,0,0,0,0,1,0,0,0,0,1,0,1,1,1,0,0,1,1,1
s519,0,0,0,0,0,0,0,0,0,0,0,0,0,1,0,0,0,0,0,0,0,1,1,1,1,1
s520,0,0,1,0,0,0,1,0,0,1,1,1,0,1,0,1,0,1,1,1,0,0,1,0,0,0
s521,1,1,1,1,0,0,1,0,0,0,0,0,1,0,0,0,1,1,0,1,0,1,0,1,0,0
s522,0,0,0,1,0,0,1,1,0,1,1,0,0,1,1,1,0,1,1,0,0,0,1,1,0,0
s523,1,1,1,0,1,0,1,0,1,0,1,0,1,1,0,1,0,1,0,1,1,0,0,0,0,0
s524,0,0,0,1,1,0,1,0,0,0,1,0,1,0,1,0,0,0,1,1,1,1,1,1,0,0
s525,1,1,1,0,0,1,0,0,1,1,1,1,1,1,0,0,1,1,0,1,0,1,0,1,1,1
s526,1,1,0,1,1,1,1,1,0,1,0,1,0,0,1,1,1,1,1,1,0,1,0,1,1,1
s527,1,0,0,1,0,1,1,1,1,1,1,0,1,0,0,1,1,1,1,0,0,0,0,1,1,0
s528,0,0,0,1,1,1,0,0,1,1,0,0,1,1,1,0,1,0,0,1,1,0,0,1,1,0
s529,1,1,0,0,0,1,0,1,1,0,1,1,1,1,0,1,1,1,0,0,1,0,0,1,0,0
s530,1,1,0,0,0,0,1,0,0,0,0,1,1,0,1,1,1,1,0,1,1,1,1,1,1,1
s531,1,1,0,0,0,1,1,0,1,0,1,1,1,0,1,0,0,0,0,1,1,1,1,0,0,1
s532,1,1,1,0,0,0,0,1,0,1,1,0,0,0,0,1,0,0,0,1,0,1,1,1,0,1
s533,0,0,1,1,1,1,0,1,1,1,1,0,0,1,0,0,0,1,1,0,1,1,0,0,1,0
s534,0,0,0,0,1,0,1,1,1,0,1,1,0,1,1,1,1,1,1,0,1,0,1,1,0,0
s535,1,0,0,1,0,0,1,0,0,0,0,1,0,0,0,1,0,1,0,0,1,0,0,0,1,1
s536,0,0,1,1,1,0,0,1,1,0,0,0,1,0,0,1,0,1,0,1,0,0,0,1,0,1
s537,1,0,0,1,1,1,1,1,1,0,1,1,1,0,1,1,1,1,0,1,0,0,1,0,1,1
s538,1,1,1,0,1,1,1,0,0,1,1,1,1,1,1,1,1,1,1,0,0,1,0,0,0,1
s539,1,1,0,1,1,1,1,0,0,0,0,0,1,1,1,0,0,0,0,0,1,1,1,1,0,0
s540,1,1,1,1,0,1,0,0,1,0,0,1,0,1,0,0,1,1,0,0,0,0,1,0,1,0
s541,0,0,1,1,1,0,1,0,1,1,1,0,1,1,0,0,0,1,1,1,0,0,1,1,0,0
s542,0,0,1,0,1,1,1,0,1,0,0,1,0,0,1,0,0,0,0,1,0,1,0,0,1,1
s543,0,0,1,0,0,1,0,1,0,0,0,1,1,1,1,0,1,0,1,0,0,0,1,1,0,1
s544,0,0,1,0,0,1,1,1,1,1,0,1,0,1,1,1,0,0,1,1,0,0,0,1,0,0
s545,0,0,0,1,1,0,0,1,1,1,1,0,1,0,0,0,0,0,1,1,1,0,1,0,1,0
s546,1,1,1,0,0,1,0,0,1,1,1,1,0,0,1,1,0,1,1,0,1,0,1,0,0,1
s547,1,1,0,0,1,0,0,0,0,1,1,0,0,1,1,1,1,0,1,1,1,1,0,0,1,0
s548,1,1,0,0,0,1,0,0,1,1,1,0,0,0,1,0,1,0,0,1,1,1,1,1,0,1
s549,1,1,1,1,0,1,0,0,1,1,1,0,0,1,1,0,1,1,1,0,0,0,1,0,1,0
s550,0,0,1,0,0,1,1,0,0,1,1,0,1,0,1,0,0,0,1,0,1,1,0,0,1,1
s551,1,1,1,0,0,1,1,1,0,0,0,0,0,1,1,1,1,1,0,1,1,1,0,1,0,1
s552,1,1,0,1,1,0,0,1,1,1,1,0,0,1,1,0,0,1,0,1,0,1,0,0,0,1
s553,0,0,0,1,1,1,0,0,1,0,1,0,1,0,0,0,0,1,0,0,1,0,0,1,1,1
s554,0,0,1,0,1,1,0,1,0,0,1,1,1,0,0,1,0,0,0,0,1,0,0,1,1,1
s555,1,1,1,1,0,1,1,0,1,1,1,0,1,0,1,0,1,1,1,0,1,0,1,0,1,0
s556,1,0,1,1,0,1,1,1,0,1,0,0,1,1,1,1,0,1,0,1,0,1,1,1,0,1
s557,0,0,1,1,1,1,0,0,1,0,0,1,1,0,1,1,0,0,1,0,1,0,1,1,1,0
s558,1,1,0,1,0,0,0,0,1,0,0,0,1,0,0,1,1,0,1,1,0,0,0,1,1,1
s559,1,0,1,1,1,1,1,0,1,1,0,0,0,0,0,1,1,0,1,1,0,0,1,1,0,0
s560,1,1,0,0,1,0,1,0,0,0,1,0,0,1,1,0,0,0,1,0,0,1,1,0,1,0
s561,0,0,1,1,1,0,1,1,1,1,0,1,1,0,0,0,1,0,0,0,0,0,0,1,1,1
s562,0,0,1,0,0,0,1,0,1,1,1,1,0,0,1,0,1,1,1,1,0,1,1,1,1,1
s563,1,1,0,1,1,1,1,0,1,0,1,1,1,1,0,1,1,1,1,1,1,0,1,1,1,0
s564,1,1,1,0,0,1,1,1,0,0,1,0,1,1,1,1,0,1,0,0,1,0,1,0,1,1
s565,0,0,0,1,1,1,0,1,0,0,1,1,0,0,1,0,0,1,0,1,1,1,1,1,1,1
s566,0,0,0,1,1,0,0,1,1,1,0,1,1,1,0,1,1,1,0,1,1,0,1,0,0,1
s567,1,1,0,0,0,1,1,1,1,0,0,0,0,0,0,1,1,1,1,1,0,0,1,0,0,1
s568,1,1,0,1,0,1,0,1,1,0,1,1,0,1,0,1,1,1,0,0,1,1,0,0,1,1
s569,1,1,1,0,1,1,0,1,1,1,0,1,1,0,0,1,0,1,1,1,1,0,0,0,1,0
s570,1,1,1,0,0,1,0,1,1,0,0,0,0,1,0,1,1,0,1,1,0,0,0,0,0,0
s571,1,1,1,1,1,1,1,1,1,1,0,1,1,0,1,1,1,1,1,1,0,1,1,0,1,1
s572,0,0,1,0,1,0,0,1,1,0,1,1,1,1,0,0,1,0,1,0,0,1,1,0,0,1
s573,0,0,1,0,0,1,0,1,1,1,0,1,1,0,0,1,0,1,1,1,1,0,0,0,0,0
s574,1,1,0,1,1,0,0,0,1,0,1,0,1,0,1,1,0,1,1,1,1,0,1,0,0,0
s575,0,0,1,0,1,0,1,0,0,1,0,1,1,1,1,0,0,1,0,1,0,0,1,0,1,1
s576,0,0,0,1,0,1,0,1,1,1,0,0,0,1,1,0,1,1,1,0,0,0,1,0,0,1
s577,1,1,0,1,0,1,1,0,0,0,0,1,0,0,1,1,0,1,1,0,0,0,0,0,1,1
s578,1,1,1,1,1,0,0,0,0,1,1,1,0,1,0,0,0,0,1,0,0,0,1,0,1,1
s579,0,0,1,1,0,0,0,1,1,1,0,1,1,0,1,1,0,0,0,0,0,1,1,0,0,0
s580,1,1,1,0,1,1,0,0,0,1,0,0,1,1,0,1,1,1,0,1,0,0,0,0,1,0
s581,0,0,0,0,0,0,1,0,1,0,0,0,0,1,0,1,1,0,1,0,1,0,1,1,1,0
s582,0,0,0,0,1,0,1,1,1,1,0,0,0,0,1,1,1,0,0,1,1,1,0,1,0,0
s583,1,1,0,1,0,0,0,1,1,1,1,0,1,0,1,0,1,1,1,0,1,1,1,1,1,0
s584,0,0,0,0,0,0,1,0,0,0,1,0,1,1,1,1,0,1,1,1,0,0,0,1,1,0
s585,0,0,1,1,0,1,1,0,1,1,1,0,0,0,1,0,0,1,0,1,1,0,1,1,1,0
s586,0,0,1,1,1,1,1,0,0,1,0,0,0,0,0,1,0,0,1,1,0,0,0,0,1,0
s587,1,1,1,0,0,0,0,1,1,1,1,0,1,0,0,0,0,1,0,1,0,1,1,1,1,1
s588,0,0,0,1,0,1,1,0,1,1,0,1,0,0,0,1,1,1,0,0,1,0,0,0,1,0
s589,0,0,0,1,0,0,0,0,1,0,1,1,1,0,0,0,0,1,0,1,0,1,1,0,0,1
s590,0,0,1,0,0,1,1,1,1,1,0,1,1,0,1,1,0,1,0,0,1,0,1,1,0,0
s591,0,0,1,1,1,1,0,1,0,0,0,1,0,1,0,0,1,0,1,0,1,1,0,0,1,0
s592,0,0,0,1,0,0,0,1,0,0,1,0,0,1,0,1,1,0,0,1,1,1,1,0,0,1
s593,1,1,0,0,1,1,0,1,1,0,1,1,0,0,1,0,1,1,1,1,0,0,0,0,1,1
s594,1,1,0,1,0,0,1,1,0,1,1,1,1,1,0,0,0,1,1,0,1,1,0,0,0,1
s595,1,0,0,1,1,0,0,0,1,1,1,1,0,1,1,0,0,1,0,0,1,1,0,1,1,1
s596,1,1,1,1,0,0,0,1,0,0,1,0,0,0,1,1,1,1,0,0,1,0,0,1,0,1
s597,1,0,1,1,1,0,0,1,0,0,1,1,1,1,1,0,1,0,0,1,1,0,1,1,1,1
s598,1,1,0,0,0,1,0,1,0,1,0,0,1,0,0,1,1,0,1,0,0,0,1,0,1,0
s599,0,0,1,1,0,0,0,0,0,1,0,1,1,1,0,0,0,0,1,1,1,0,0,1,0,1
s600,0,0,1,0,0,0,1,0,0,0,1,1,1,0,0,0,1,1,1,0,1,0,0,1,1,0
s601,1,1,1,1,0,1,1,0,1,0,0,0,0,0,1,0,0,0,0,0,0,1,0,0,0,1
s602,0,0,0,0,0,0,1,1,0,1,0,1,0,1,1,0,1,1,0,1,1,0,1,0,0,0
s603,1,1,1,0,0,0,0,1,1,1,1,1,0,1,1,1,1,0,0,0,0,1,1,0,1,1
s604,1,1,1,0,1,1,1,1,1,1,0,1,1,1,1,0,1,1,1,1,0,1,0,1,0,1
s605,1,1,0,1,1,1,1,0,1,1,0,1,0,0,0,0,1,0,0,1,0,1,0,0,0,1
s606,1,1,0,0,0,0,1,0,0,0,1,0,0,1,0,1,1,0,0,0,0,0,0,1,0,1
s607,1,1,0,1,1,1,0,1,1,0,0,1,1,0,0,1,0,0,1,1,0,0,1,0,0,1
s608,0,0,1,0,0,1,0,1,1,0,0,1,0,1,1,0,0,1,1,1,1,0,1,1,0,1
s609,1,1,0,0,0,1,0,0,0,1,0,1,0,0,1,1,0,1,1,0,0,1,1,1,1,0
s610,0,0,1,0,0,1,0,0,0,1,0,0,0,0,0,0,1,0,1,1,0,1,1,1,0,1
s611,1,0,1,1,0,0,0,0,1,0,1,1,1,0,1,1,1,1,0,0,0,1,1,0,1,1
s612,1,0,0,1,0,1,0,1,0,0,0,1,1,0,1,1,0,1,0,1,1,0,0,0,1,0
s613,0,0,0,1,1,0,1,1,1,0,1,0,1,0,1,0,0,1,1,1,0,1,1,1,1,1
s614,0,0,1,0,0,0,0,1,0,1,1,0,1,0,1,0,1,0,1,1,0,0,0,1,0,1
s615,1,1,0,0,0,1,0,0,0,0,1,0,0,0,1,0,0,1,0,0,0,1,0,0,1,0
s616,1,1,1,0,1,1,1,1,0,1,1,0,1,1,0,0,0,1,1,0,1,0,0,1,0,0
s617,0,0,1,0,1,1,0,0,0,0,0,0,1,0,0,1,0,1,1,1,0,0,0,0,1,0
s618,0,0,1,0,0,0,0,1,0,0,1,1,1,1,0,0,0,1,0,1,1,0,1,0,1,1
s619,0,0,1,1,0,0,0,0,1,0,0,1,0,0,0,0,0,0,0,1,0,0,1,1,1,0
s620,1,1,1,1,1,0,0,1,1,1,0,1,1,0,0,1,0,0,1,0,1,0,0,0,1,0
s621,0,0,1,1,1,1,0,0,1,1,1,1,0,1,0,1,0,1,0,0,1,1,1,1,1,1
s622,1,1,0,0,0,1,1,0,0,1,1,1,1,0,1,1,0,0,0,1,0,1,0,1,1,1
s623,0,0,1,1,0,1,0,1,0,0,0,1,0,0,0,1,0,1,1,1,1,0,1,0,0,1
s624,1,0,0,0,0,0,0,0,1,1,0,1,1,0,0,1,0,1,1,1,1,0,1,0,0,1
s625,1,1,1,0,0,0,0,1,1,1,0,1,0,0,0,0,0,0,1,1,1,0,1,0,0,0
s626,1,1,0,0,0,0,1,0,1,1,0,1,0,0,0,1,0,0,1,1,0,1,1,0,1,1
s627,0,0,1,0,1,1,1,1,1,1,1,0,0,0,1,1,1,0,1,1,1,0,1,0,1,1
s628,1,1,0,1,1,1,1,0,1,0,0,1,1,1,1,0,1,1,0,1,0,0,1,1,1,0
s629,1,1,1,1,0,1,0,1,0,0,0,0,0,1,0,1,0,0,1,1,1,0,1,0,1,1
s630,1,0,0,0,1,1,0,1,1,1,1,0,1,0,0,0,0,0,0,0,1,1,1,1,1,1
s631,0,0,0,0,1,0,1,1,0,0,0,1,1,0,0,1,0,1,0,0,1,1,0,0,1,1
s632,1,0,0,0,0,0,1,1,0,0,1,1,0,1,1,1,0,1,0,1,1,0,0,0,1,0
s633,1,1,1,0,1,0,1,1,1,1,1,1,0,0,0,1,1,0,0,1,1,0,1,1,0,0
s634,0,0,1,1,1,0,1,1,0,1,1,0,1,1,1,1,0,1,1,0,0,0,1,1,1,1
s635,0,0,1,0,0,0,1,1,0,0,1,1,0,1,1,0,0,1,0,1,1,1,0,1,1,1
s636,1,0,1,1,0,1,0,1,0,0,0,1,1,0,0,1,0,0,1,0,0,1,0,0,0,0
s637,0,0,1,1,1,1,1,1,1,1,0,0,0,1,1,1,1,1,0,1,1,1,0,0,0,0
s638,1,1,0,0,1,1,0,0,1,0,1,1,0,0,1,0,0,0,0,1,0,1,0,1,0,1
s639,0,0,1,0,1,1,1,1,1,0,0,1,0,0,1,0,0,1,0,1,1,1,0,1,1,1
s640,0,0,0,0,0,0,0,1,0,0,1,0,0,0,1,0,0,0,0,1,1,0,0,0,0,0
s641,0,0,0,0,0,0,1,0,0,0,1,1,1,0,1,0,0,1,1,0,0,1,0,0,0,1
s642,1,0,1,0,1,0,0,0,0,1,1,0,0,1,1,0,0,1,1,0,0,1,1,0,1,0
s643,0,0,0,0,0,1,1,0,0,0,0,1,0,1,0,1,0,0,1,0,0,0,1,0,1,1
s644,1,1,1,1,1,0,0,1,0,0,1,0,1,0,0,1,1,1,1,1,1,1,0,0,0,1
s645,0,0,0,0,1,1,0,0,0,1,1,1,0,1,0,1,0,1,0,0,1,1,1,1,1,1
s646,0,0,1,0,1,0,0,0,1,1,0,1,1,1,1,0,1,1,0,0,1,1,0,1,0,0
s647,0,0,1,1,1,0,1,0,1,0,1,0,1,1,1,0,1,0,0,1,0,0,0,0,1,0
s648,0,0,1,0,0,1,0,1,1,1,1,1,0,1,1,0,0,1,0,0,1,1,0,1,0,1
s649,1,1,1,0,1,0,1,0,0,1,0,1,0,0,0,0,0,1,1,1,1,0,1,1,1,1
s650,1,1,1,0,0,0,1,0,0,0,1,1,0,0,0,0,1,1,1,0,1,0,0,0,1,0
s651,0,0,0,0,0,1,1,1,1,1,1,1,0,0,1,0,1,0,0,0,0,1,1,1,1,1
s652,0,0,0,0,1,1,1,0,1,1,0,0,0,1,0,1,0,0,0,1,0,1,1,1,1,0
s653,0,0,0,1,0,0,0,1,1,0,0,1,1,1,0,1,0,1,0,1,1,0,0,0,1,1
s654,1,1,1,1,0,1,1,0,0,0,0,0,0,0,1,0,1,1,1,1,0,0,0,0,1,1
s655,1,1,1,0,0,1,1,1,1,0,0,1,1,0,1,0,1,0,0,0,1,1,0,0,0,1
s656,0,0,1,1,1,0,1,1,1,0,1,0,1,1,1,0,1,1,0,0,1,1,0,1,1,0
s657,0,0,1,0,1,0,0,0,1,0,0,0,0,0,1,1,0,0,0,0,0,0,0,0,0,1
s658,1,1,0,0,0,0,0,0,1,0,1,0,0,0,0,0,0,1,0,0,1,1,1,1,0,0
s659,0,0,1,1,0,1,0,1,1,0,1,1,0,1,0,0,0,0,1,0,1,1,0,1,1,1
s660,0,0,1,1,1,0,1,1,0,0,0,0,0,0,0,0,1,1,1,1,1,0,0,1,1,1
s661,0,0,1,1,0,0,0,0,0,0,0,1,0,1,1,1,0,0,0,1,1,1,0,1,0,0
s662,1,1,0,0,0,0,1,0,0,1,0,0,0,1,1,0,0,1,1,1,0,1,0,0,1,0
s663,1,1,1,1,0,1,1,0,0,0,0,0,0,0,0,0,1,0,1,0,0,1,0,0,1,0
s664,0,0,1,1,1,0,1,1,1,1,1,1,0,0,0,0,0,0,0,0,1,1,1,0,1,0
s665,1,1,0,1,0,0,1,0,1,0,1,1,1,1,1,0,1,1,0,0,0,1,1,0,0,0
s666,0,0,1,0,0,0,1,0,1,0,0,0,0,1,1,1,1,1,1,0,1,1,1,0,0,0
s667,1,1,0,0,0,0,1,1,1,0,1,1,1,0,0,1,1,0,1,1,0,1,1,1,0,0
s668,1,1,0,0,1,0,0,0,0,1,0,1,0,0,1,1,1,1,1,0,0,0,0,1,0,0
s669,0,0,0,0,1,0,0,1,0,1,1,0,0,0,1,0,0,0,0,0,0,0,1,1,1,0
s670,1,0,1,0,1,0,1,0,0,1,0,0,1,0,0,1,0,1,0,0,0,1,0,1,0,0
s671,1,1,0,0,0,0,0,1,1,0,0,1,1,0,0,1,0,1,1,0,0,1,0,0,0,0
s672,0,0,0,0,0,0,1,1,0,1,0,1,0,0,1,0,0,1,0,0,1,1,0,1,0,0
s673,1,1,0,1,0,0,1,0,1,1,0,0,0,0,1,1,0,1,1,0,1,0,1,1,1,1
s674,1,0,1,0,0,1,1,1,1,0,1,0,0,0,0,0,1,0,0,0,0,1,0,1,0,1
s675,0,0,0,0,1,0,0,0,0,0,0,0,1,1,0,1,0,1,0,0,1,1,0,0,0,1
s676,0,0,1,0,0,0,0,0,1,0,0,0,0,0,1,1,1,1,0,1,1,1,1,1,1,1
s677,0,0,0,1,0,1,1,0,0,1,0,1,0,1,1,0,1,1,1,1,1,0,0,0,0,0
s678,0,0,1,1,1,0,1,0,1,1,0,1,0,0,0,1,1,1,0,0,0,1,1,1,1,1
s679,1,1,1,0,0,1,0,1,1,1,0,0,1,1,1,0,1,0,1,0,0,0,1,1,1,0
s680,1,0,1,1,0,1,1,0,1,0,0,0,1,1,0,0,1,0,0,1,0,0,0,1,1,0
s681,1,1,0,1,0,0,1,0,1,1,0,0,0,0,0,1,0,0,1,0,0,1,1,0,0,1
s682,0,0,0,0,0,1,0,0,0,0,0,0,1,1,1,0,0,0,1,1,0,0,1,0,1,0
s683,0,0,1,1,1,1,0,0,0,1,0,1,0,0,1,0,1,0,0,0,1,1,0,1,1,1
s684,1,0,0,0,1,1,1,1,1,0,0,0,0,1,0,1,1,0,1,0,0,0,0,1,0,1
s685,0,0,1,1,1,1,0,0,0,1,0,0,1,1,0,0,1,0,1,1,1,1,1,0,1,0
s686,0,0,0,0,0,0,1,0,0,0,0,1,0,1,1,0,0,0,1,0,0,1,0,0,0,1
s687,1,1,1,1,1,0,1,0,1,1,1,1,1,1,1,1,0,0,0,0,0,0,1,1,0,1
s688,1,0,1,1,1,0,1,1,1,1,1,1,0,1,1,1,1,1,1,0,1,0,1,0,0,0
s689,0,0,0,0,1,0,1,0,1,1,0,1,0,1,1,0,1,1,1,1,0,0,1,0,1,0
s690,0,0,0,1,1,0,1,1,1,1,0,0,1,1,0,0,0,0,1,1,1,0,1,1,1,1
s691,0,0,1,1,1,1,1,0,1,0,0,1,0,0,0,1,0,0,0,0,1,0,0,1,0,0
s692,0,0,0,0,1,0,0,0,0,1,1,0,0,0,0,1,0,0,0,1,1,0,1,0,1,0
s693,0,0,1,1,0,0,1,1,0,1,1,0,0,0,0,0,0,1,1,0,1,1,0,0,0,0
s694,1,1,0,0,0,1,1,1,1,1,0,0,0,0,1,1,0,0,1,0,1,1,1,0,1,1
s695,1,1,0,1,1,0,0,0,0,1,1,1,1,1,0,1,0,1,0,0,0,1,0,1,0,1
s696,1,0,1,1,0,0,0,0,0,0,0,1,1,1,0,1,0,0,1,1,0,1,0,1,1,1
s697,0,0,0,1,0,1,0,1,1,0,0,0,0,1,1,0,1,0,0,0,0,1,0,1,1,1
s698,1,1,1,1,0,1,0,1,0,0,0,1,1,1,0,0,1,1,0,1,1,0,0,0,1,0
s699,1,1,1,0,0,1,1,1,1,1,0,0,0,1,1,0,1,1,0,0,0,1,0,0,0,1
s700,0,0,1,1,0,0,0,0,0,0,1,1,1,1,1,0,1,1,1,1,0,0,0,0,1,1
s701,1,1,0,0,0,0,1,0,1,0,0,1,0,0,0,1,1,0,1,1,1,1,0,1,0,0
s702,1,1,0,0,0,1,0,1,1,1,0,1,0,0,0,1,1,1,0,0,1,1,0,1,1,1
s703,0,0,0,1,0,1,0,1,0,1,0,1,0,0,1,0,1,0,1,1,1,0,0,0,0,1
s704,0,0,1,0,1,0,0,0,0,0,1,1,1,1,0,0,0,1,1,1,0,0,1,0,1,0
s705,1,1,1,0,1,1,1,1,1,1,0,0,1,1,1,1,1,1,0,0,1,1,1,1,0,1
s706,1,1,1,1,0,1,1,0,0,0,1,1,0,1,0,1,1,1,1,0,0,0,1,0,1,1
s707,0,0,0,1,1,1,1,0,0,0,1,0,1,0,0,1,1,0,1,1,0,1,1,1,1,1
s708,1,1,1,1,1,0,1,0,0,0,0,1,1,1,1,1,1,1,0,1,0,0,1,1,1,0
s709,1,0,1,1,0,1,1,0,0,1,1,1,1,0,0,0,1,1,1,1,1,0,1,0,0,1
s710,1,0,1,1,0,0,0,0,0,1,1,1,0,1,0,1,1,0,1,1,0,1,0,0,0,0
s711,0,0,0,0,0,0,1,0,0,0,0,1,1,1,1,0,0,1,0,1,1,0,0,0,0,0
s712,1,1,1,0,0,0,1,1,1,1,0,1,0,0,0,1,1,0,0,1,0,0,0,0,1,1
s713,1,1,0,1,0,1,0,1,1,1,1,1,0,0,0,0,0,1,0,0,1,0,0,0,1,1
s714,0,0,0,1,1,1,0,0,0,0,0,0,1,0,1,0,1,0,1,1,1,1,0,0,1,1
s715,1,1,1,1,1,1,1,0,0,1,0,1,1,1,1,0,1,1,0,1,1,0,0,1,1,0
s716,0,0,0,1,1,0,1,0,1,1,1,1,0,1,1,0,0,1,1,1,1,1,0,0,0,0
s717,1,1,0,0,1,1,0,1,1,0,0,1,0,1,0,0,0,1,1,1,0,0,1,0,0,1
s718,0,0,1,1,0,0,0,1,0,1,0,1,1,1,0,0,0,0,0,0,0,1,0,0,1,1
s719,1,1,1,0,1,1,1,1,1,0,0,1,1,0,0,0,0,1,0,1,0,0,0,1,1,0
s720,1,1,0,0,0,0,1,1,0,1,1,1,1,0,0,1,0,1,1,1,1,0,1,0,1,0
s721,0,0,0,0,1,0,1,1,1,1,1,0,1,0,1,1,1,0,1,0,1,1,1,0,0,1
s722,0,0,1,0,0,1,1,0,0,1,1,0,0,0,1,1,1,1,1,0,0,1,1,0,0,0
s723,1,1,0,0,0,0,0,1,1,1,0,1,0,0,1,0,0,1,0,0,0,0,1,0,1,1
s724,0,0,0,1,1,1,1,1,0,1,1,1,1,1,1,0,1,0,1,1,1,1,0,1,1,0
s725,0,0,0,1,1,0,0,1,1,1,1,0,1,1,0,0,1,1,1,1,1,1,0,0,1,0
s726,0,0,1,1,0,1,0,0,1,0,1,1,1,0,1,0,1,1,0,0,1,0,0,0,1,0
s727,0,0,1,1,1,0,0,1,1,1,0,1,0,1,0,0,1,1,0,0,1,0,0,1,0,1
s728,0,0,1,0,0,0,1,1,0,1,1,1,1,1,0,0,1,1,1,1,0,0,1,1,1,1
s729,1,1,1,1,1,1,1,0,0,0,0,1,0,0,0,1,1,1,1,1,1,0,0,0,1,1
s730,1,1,0,0,0,1,0,1,0,1,1,0,1,1,1,1,1,0,1,0,0,1,0,1,0,0
s731,0,0,1,0,1,0,0,0,1,1,1,1,1,0,1,1,0,1,1,1,0,0,0,1,0,1
s732,1,1,0,1,1,0,0,0,1,1,1,0,1,1,1,1,0,0,1,0,0,0,1,0,0,0
s733,0,0,0,0,1,0,1,1,0,1,1,1,0,1,1,1,1,1,0,1,0,1,1,0,0,1
s734,0,0,0,1,0,0,1,0,0,0,1,0,0,1,1,1,1,0,1,0,0,0,0,0,1,0
s735,0,0,0,0,1,1,0,1,0,0,0,0,0,0,0,0,1,1,1,1,1,0,1,1,1,0
s736,1,1,0,0,0,1,1,1,1,1,0,1,1,0,0,0,0,1,0,1,1,1,1,1,0,1
s737,1,1,1,1,1,1,1,0,0,0,0,1,1,0,0,0,0,0,0,1,0,0,1,0,1,0
s738,0,0,0,1,0,1,0,1,0,1,1,0,1,1,0,1,1,1,0,0,0,1,1,1,0,1
s739,1,1,0,1,1,0,1,1,0,0,0,0,0,0,0,0,1,0,0,1,0,0,0,0,0,1
s740,1,1,1,1,0,1,1,0,1,1,1,0,0,1,0,0,1,0,0,0,0,1,0,0,1,0
s741,1,1,1,0,0,1,1,0,1,0,1,1,0,0,1,1,1,0,0,0,1,1,0,0,0,1
s742,0,0,0,1,1,0,1,1,1,0,1,0,1,0,1,0,0,0,0,1,1,1,1,0,1,0
s743,0,0,0,1,0,0,0,1,0,0,1,0,0,1,1,0,0,0,0,1,0,0,1,1,0,1
s744,1,1,0,1,1,0,1,1,1,0,0,0,0,1,1,0,0,1,1,1,1,0,1,0,1,0
s745,0,0,1,1,1,1,1,0,1,0,0,1,0,1,1,1,0,1,1,0,1,0,0,1,1,0
s746,0,0,0,1,1,0,1,1,0,0,1,0,0,1,1,0,1,1,1,0,0,1,0,0,1,1
s747,0,0,1,1,1,1,0,1,1,0,0,1,1,1,1,0,1,0,1,0,1,1,0,0,0,0
s748,0,0,1,1,1,1,0,0,1,1,1,1,1,1,0,1,1,0,1,1,0,0,1,1,1,0
s749,1,1,0,0,0,1,1,0,0,0,1,0,1,0,1,1,1,1,0,1,0,0,1,0,0,1
s750,0,0,1,0,0,0,0,0,0,0,1,0,1,1,1,0,1,1,0,0,0,1,1,1,1,1
s751,0,0,1,1,0,0,0,0,1,1,0,0,1,1,0,1,0,0,1,0,0,1,0,1,0,0
s752,0,0,1,0,1,1,0,1,0,0,0,0,1,1,1,0,1,1,0,0,0,0,0,1,0,0
s753,0,0,1,0,0,1,1,0,0,0,0,1,1,0,1,1,1,0,1,1,0,1,0,0,0,0
s754,0,0,1,1,0,1,0,1,1,1,1,1,1,0,1,1,0,0,1,0,1,1,0,1,0,0
s755,0,0,1,1,1,0,0,1,1,1,1,1,1,1,0,1,0,1,0,1,1,0,0,1,1,0
s756,1,1,1,0,0,0,0,1,0,0,0,0,1,0,1,0,0,0,1,1,0,1,0,0,0,1
s757,1,1,0,1,1,1,1,1,0,0,1,0,1,1,0,1,1,0,1,0,1,0,0,0,1,1
s758,0,0,0,1,1,0,0,1,0,1,1,0,0,1,0,1,0,1,0,1,1,1,1,0,1,0
s759,1,1,1,0,1,1,1,0,1,1,0,0,1,1,1,1,1,0,1,0,0,0,1,0,1,0
s760,1,0,1,1,0,1,1,1,0,1,1,1,1,0,1,0,1,0,0,1,0,1,0,1,1,0
s761,1,1,1,1,1,0,1,1,0,1,1,0,1,1,1,0,0,0,1,0,1,1,0,0,1,1
s762,1,1,0,1,0,0,0,1,0,1,0,0,0,0,0,1,0,1,0,0,1,1,1,1,1,0
s763,0,0,0,0,0,0,1,0,1,0,1,0,0,0,0,0,0,1,1,1,0,0,1,0,1,0
s764,1,1,1,1,0,1,1,0,1,1,1,1,1,0,0,1,1,1,0,0,1,1,1,1,0,1
s765,1,1,0,0,1,1,1,0,0,0,0,1,0,0,0,1,0,1,0,1,1,1,1,1,0,1
s766,1,1,1,0,0,1,1,0,1,0,1,0,0,0,0,0,1,0,0,0,0,1,1,0,0,1
s767,0,0,1,1,1,0,1,0,1,0,0,1,1,1,1,0,1,0,1,1,1,0,1,0,1,1
s768,0,0,0,0,1,1,0,1,0,1,0,1,0,1,1,1,0,1,0,1,1,1,0,1,1,0
s769,1,1,0,0,0,0,0,0,1,1,1,1,0,1,1,1,0,1,1,0,1,0,1,1,1,1
s770,0,0,0,0,1,1,0,0,1,0,1,1,1,1,0,0,1,0,0,1,1,1,1,0,0,0
s771,0,0,1,0,0,0,1,1,1,0,1,0,1,1,0,0,0,0,1,1,1,0,0,1,0,1
s772,0,0,1,0,0,1,0,1,1,1,0,0,1,1,1,0,1,1,1,0,0,1,1,1,1,0
s773,1,1,0,0,1,1,0,0,0,0,1,1,1,1,0,0,1,0,1,1,1,0,0,1,1,1
s774,0,0,1,0,1,0,0,0,0,0,0,1,1,0,0,1,0,1,1,0,0,1,1,0,1,1
s775,0,0,0,0,0,1,0,1,0,1,0,0,1,0,1,1,0,0,1,1,0,1,0,1,1,0
s776,0,0,0,1,1,1,0,1,0,0,0,1,0,1,1,1,0,0,1,1,0,0,0,1,0,1
s777,0,0,1,1,1,0,1,0,1,1,1,0,1,1,1,0,0,1,1,0,1,0,0,0,0,0
s778,0,0,0,1,1,1,0,0,1,0,1,1,1,0,1,1,1,1,1,1,1,1,0,0,1,0
s779,1,0,0,0,0,1,0,1,0,0,1,0,0,0,1,0,1,0,1,1,1,1,0,1,0,1
s780,1,0,0,1,0,0,1,1,1,1,1,0,0,0,0,1,1,1,0,1,1,1,1,0,1,0
s781,0,0,1,0,0,1,0,1,0,0,0,1,1,0,1,1,1,0,0,1,0,1,1,1,0,1
s782,0,0,0,0,1,1,0,0,0,1,0,1,0,0,1,1,0,1,1,1,1,0,0,1,1,0
s783,1,0,0,0,1,1,1,1,0,1,0,1,1,1,0,0,0,0,0,0,0,0,1,0,0,1
s784,0,0,1,1,1,0,1,1,0,1,1,1,0,0,1,1,1,0,1,0,1,0,1,1,0,0
s785,1,0,1,1,1,0,1,0,0,0,1,1,1,1,1,1,0,1,1,0,0,1,0,0,0,1
s786,0,0,0,0,0,0,0,1,0,0,0,1,0,0,1,0,0,1,1,1,0,0,1,0,0,1
s787,1,1,1,1,0,0,0,0,0,1,0,0,1,0,1,1,1,0,1,1,1,0,1,1,0,1
s788,1,1,0,0,0,1,0,1,0,0,0,0,1,1,1,0,0,1,1,1,1,1,0,1,0,1
s789,0,0,1,1,1,0,1,1,0,0,0,1,0,1,1,0,0,0,0,1,0,0,1,0,1,1
s790,0,0,0,1,1,1,0,1,0,0,0,0,1,0,1,1,0,0,0,1,1,1,1,1,0,1
s791,0,0,1,1,1,0,1,1,0,0,1,1,1,1,1,0,1,0,1,1,1,0,1,1,1,0
s792,1,1,1,0,0,0,0,1,1,0,1,1,0,0,0,1,0,1,0,1,0,0,1,1,0,1
s793,1,0,0,1,0,0,1,0,0,1,1,1,0,1,1,1,1,1,0,0,0,1,0,0,0,0
s794,1,1,1,1,0,1,1,1,1,0,0,1,1,0,0,1,0,0,1,1,1,0,0,0,0,0
s795,0,0,1,0,1,0,1,1,0,0,0,1,0,1,1,0,1,0,1,1,0,0,0,0,1,0
s796,1,1,1,0,0,1,0,1,1,0,1,1,1,0,1,0,1,0,1,1,0,0,0,1,1,0
s797,0,0,0,1,0,0,1,0,1,0,0,0,1,0,1,0,1,0,1,0,1,0,1,0,1,0
s798,1,1,0,1,0,1,1,0,0,1,1,1,1,0,1,0,0,0,0,0,1,1,1,1,1,1
s799,1,0,1,0,1,1,1,1,1,1,1,0,1,1,1,0,0,1,1,1,1,1,1,0,1,1
s800,0,0,1,1,1,1,1,1,1,0,0,1,1,0,0,0,0,1,1,0,1,0,0,0,0,0
s801,1,1,1,1,0,0,0,1,1,0,0,1,0,0,0,0,0,1,0,0,1,1,1,0,0,1
s802,0,0,1,0,0,1,0,1,1,0,0,0,0,0,1,0,0,0,0,1,1,1,1,0,0,0
s803,1,0,0,0,1,0,0,1,1,0,1,1,0,1,0,0,1,1,0,1,0,1,0,0,0,0
s804,0,0,0,0,1,0,0,1,0,1,1,1,0,0,1,1,0,1,0,0,0,0,1,0,1,1
s805,1,1,1,0,0,1,0,0,1,1,1,0,1,0,1,1,0,0,0,1,0,1,0,1,1,0
s806,1,1,1,1,0,0,0,1,0,0,1,1,1,1,0,1,1,1,1,1,1,0,0,1,1,1
s807,1,1,0,1,0,0,0,0,0,1,0,1,0,1,1,0,0,1,1,0,0,1,1,0,0,0
s808,1,1,1,1,1,0,1,0,0,1,1,1,0,0,0,0,0,1,1,1,0,0,0,0,1,1
s809,0,0,0,0,1,0,0,1,0,1,1,0,1,1,1,1,1,0,0,0,1,0,0,1,0,1
s810,1,0,0,1,1,1,1,0,1,0,1,1,0,0,1,1,0,0,0,1,1,0,0,0,1,1
s811,1,0,1,0,0,1,0,1,1,1,1,0,0,1,0,1,0,1,1,0,0,0,1,0,0,1
s812,1,1,1,0,1,1,1,0,0,1,0,1,0,0,1,0,1,1,0,1,1,0,0,0,1,1
s813,1,1,0,0,0,0,0,1,1,0,1,1,1,1,1,1,0,0,1,1,1,0,1,1,1,0
s814,1,1,0,1,0,1,0,1,0,0,0,1,1,1,1,1,0,0,1,0,0,0,0,0,1,0
s815,1,1,1,0,1,1,1,1,1,0,0,1,1,0,0,0,1,1,1,0,0,0,0,1,0,0
s816,0,0,0,1,0,1,1,0,1,0,1,1,1,1,1,0,0,0,1,1,0,1,0,1,1,1
s817,0,0,0,0,1,0,0,0,0,0,0,0,0,1,1,1,0,0,0,1,0,0,1,0,0,0
s818,1,1,0,0,1,0,0,1,1,0,0,0,0,0,0,1,0,1,1,1,1,0,1,1,0,0
s819,0,0,0,0,1,1,1,0,1,1,1,0,0,1,0,1,1,1,1,0,0,1,1,0,1,0
s820,1,1,0,0,1,0,0,1,1,0,0,1,0,0,0,1,0,0,1,0,0,0,1,0,1,1
s821,1,1,1,0,0,1,0,0,0,1,0,0,1,0,0,0,1,1,1,0,1,1,0,1,1,1
s822,1,1,1,1,0,0,1,0,1,1,1,1,0,1,0,0,0,1,0,0,0,1,0,0,0,0
s823,0,0,0,1,0,0,0,1,0,1,1,0,0,0,0,1,0,1,0,0,0,0,0,0,1,0
s824,0,0,0,0,0,0,1,0,1,0,1,0,0,1,0,0,0,0,0,0,0,0,1,1,1,1
s825,0,0,1,0,0,0,0,0,1,0,1,0,0,1,0,1,0,1,1,1,0,0,0,1,0,1
s826,1,1,1,1,1,1,0,0,1,0,1,0,1,1,1,1,0,0,0,1,1,1,1,0,1,1
s827,0,0,1,1,1,0,1,1,1,1,0,1,0,1,1,1,0,0,0,0,0,1,0,1,1,0
s828,1,1,0,1,1,0,1,1,0,0,1,1,1,1,1,0,1,0,0,0,0,1,1,1,1,0
s829,1,1,1,1,0,0,1,0,1,1,0,1,0,1,0,1,1,0,0,0,1,1,1,0,0,1
s830,1,1,1,1,0,1,0,0,0,0,1,1,1,0,0,0,0,1,0,1,1,0,0,0,1,1
s831,1,1,0,0,1,0,0,0,0,0,1,0,0,1,1,0,0,1,0,1,0,0,1,0,0,1
s832,1,1,1,0,0,1,0,1,1,1,1,0,0,1,0,0,1,0,0,0,0,0,0,0,1,1
s833,0,0,1,1,1,0,0,0,0,1,1,0,0,0,0,1,0,0,0,1,0,1,0,0,0,0
s834,0,0,1,0,0,0,1,0,0,1,1,1,0,0,0,1,1,1,0,0,0,0,1,1,0,1
s835,0,0,0,1,0,0,1,0,0,1,0,0,0,0,0,0,1,0,1,0,0,1,0,1,1,1
s836,0,0,0,0,1,1,0,0,1,0,1,1,1,0,1,1,0,0,0,0,1,1,1,1,1,0
s837,1,0,1,0,0,0,1,0,0,0,0,1,1,0,0,1,1,1,1,1,1,0,1,0,1,0
s838,1,1,1,1,0,0,0,1,1,1,0,0,0,0,1,0,1,0,1,0,0,1,0,0,1,0
s839,0,0,1,1,1,0,0,1,0,1,1,0,1,0,1,0,1,1,0,1,1,0,1,1,1,1
s840,1,1,1,0,0,0,1,1,1,0,1,1,1,1,0,1,0,1,1,1,0,1,1,0,1,1
s841,0,0,1,0,0,1,0,1,0,1,1,0,0,1,0,0,1,1,0,1,1,0,0,0,1,1
s842,0,0,0,0,1,1,0,1,0,1,1,0,1,0,0,1,0,0,1,1,0,1,1,0,1,0
s843,0,0,1,0,1,0,0,1,0,0,0,0,0,1,0,1,1,0,1,1,1,0,1,0,1,1
s844,1,1,0,1,0,0,1,1,0,1,1,1,0,0,0,0,1,1,1,1,1,1,0,0,1,1
s845,1,1,1,0,1,0,0,0,1,1,1,0,0,1,0,0,0,1,0,1,0,1,1,1,0,1
s846,0,0,0,1,1,1,1,0,0,0,1,1,0,0,0,0,1,1,1,0,1,0,1,0,0,0
s847,0,0,1,0,0,1,1,1,1,1,0,1,0,1,1,1,0,0,0,0,0,1,1,0,1,0
s848,1,1,0,1,1,1,0,1,1,1,0,0,1,0,1,0,0,0,0,0,1,0,0,1,0,1
s849,0,0,0,0,1,1,0,1,0,1,1,1,0,1,0,0,1,1,1,0,0,0,1,1,1,1
s850,1,1,1,0,0,0,1,1,0,0,1,1,0,1,1,1,0,0,1,0,1,1,0,0,0,1
s851,1,1,1,0,1,0,0,1,1,1,0,1,1,0,1,1,0,1,1,0,0,0,0,1,1,0
s852,0,0,1,0,0,1,1,0,0,0,1,1,1,0,1,1,0,1,1,1,0,1,0,0,0,0
s853,0,0,0,0,0,0,1,1,0,0,1,0,0,1,1,1,0,0,1,1,0,0,1,1,0,1
s854,0,0,1,1,1,1,0,1,0,0,0,1,0,1,1,0,0,0,1,0,1,0,0,0,0,0
s855,0,0,0,0,1,1,0,1,0,1,0,0,0,0,0,1,1,1,1,0,0,0,0,0,0,0
s856,1,1,0,0,1,0,0,0,1,1,0,0,1,1,1,0,0,0,1,0,1,1,1,0,1,0
s857,0,0,1,0,0,1,1,1,1,1,1,0,1,1,0,1,0,0,0,1,1,1,1,1,1,1
s858,0,0,1,0,0,0,1,1,1,0,1,0,1,0,1,1,1,1,1,1,1,0,0,1,1,0
s859,0,0,0,0,0,1,0,0,1,0,0,0,0,0,0,0,1,0,1,1,1,0,1,0,0,1
s860,1,1,0,0,0,1,0,1,0,0,1,0,0,1,0,0,0,1,0,1,0,0,1,0,1,1
s861,1,1,1,1,1,1,0,0,1,1,0,0,1,0,1,0,1,0,1,0,1,1,1,0,1,1
s862,1,1,1,0,1,0,0,0,0,1,1,0,0,1,0,1,1,1,0,0,1,1,1,0,0,1
s863,1,1,0,0,1,1,1,1,0,0,1,0,1,1,0,1,0,1,1,0,0,1,1,0,1,0
s864,1,1,0,1,1,0,1,0,1,1,0,0,1,1,1,0,1,1,1,0,0,1,1,1,0,1
s865,0,0,1,1,0,1,1,1,0,1,0,0,0,0,1,0,1,0,1,0,1,1,1,0,0,0
s866,0,0,1,1,1,1,1,1,0,1,0,1,1,0,0,1,1,0,0,1,1,0,1,0,0,1
s867,0,0,1,1,1,0,0,0,0,1,1,1,0,0,1,0,0,1,1,1,1,0,1,0,1,1
s868,1,0,0,0,0,0,0,1,1,1,0,0,0,1,1,0,0,0,0,1,0,1,0,1,0,0
s869,1,1,0,1,1,1,0,0,1,1,1,0,1,0,1,0,0,0,0,0,1,1,0,0,0,0
s870,1,1,0,1,1,1,0,1,0,0,0,0,0,0,1,1,0,1,1,0,0,1,1,1,0,0
s871,0,0,1,0,0,0,1,1,0,1,1,1,1,1,1,1,1,1,1,0,1,0,1,1,0,1
s872,0,0,1,0,0,0,1,1,0,1,1,0,1,1,0,1,1,1,1,1,1,1,0,0,1,1
s873,1,0,0,0,0,0,0,1,1,1,0,0,0,1,0,0,0,0,0,0,0,0,1,1,0,0
s874,0,0,1,0,0,1,0,1,1,0,0,0,1,0,0,0,0,0,1,1,0,1,1,1,0,0
s875,0,0,0,0,1,1,1,1,1,1,0,0,0,0,1,0,0,1,1,0,1,0,1,1,0,1
s876,0,0,1,1,1,0,0,0,0,0,1,0,1,0,0,0,0,1,0,0,0,1,0,1,0,0
s877,0,0,0,0,0,0,1,1,1,0,0,1,1,0,0,1,1,0,1,0,0,1,0,1,1,0
s878,1,0,1,0,0,1,1,0,1,0,1,1,0,1,0,0,1,0,0,0,1,0,0,1,0,1
s879,1,1,0,1,0,1,1,1,1,1,0,0,1,1,1,1,1,0,0,0,0,1,1,1,0,1
s880,0,0,0,0,1,0,0,1,1,0,1,0,0,0,0,1,0,0,0,0,0,0,1,1,0,1
s881,1,1,0,0,0,0,1,0,1,1,0,1,1,0,1,1,0,1,0,1,0,1,0,1,1,1
s882,1,1,0,1,1,0,1,1,0,0,1,1,0,1,1,1,1,0,0,1,0,0,0,0,0,1
s883,1,1,1,1,1,0,0,1,1,0,1,0,1,0,1,1,0,0,0,1,0,1,1,1,0,1
s884,1,1,0,1,0,1,0,1,0,1,1,1,1,1,1,1,0,1,1,0,1,0,1,0,1,0
s885,1,1,1,1,1,0,0,1,1,1,0,1,1,0,0,0,1,1,1,0,0,0,0,1,0,1
s886,0,0,0,0,1,0,0,0,0,1,1,1,1,0,0,1,1,1,0,1,1,0,1,0,0,0
s887,1,1,1,0,1,1,0,0,0,0,0,1,1,1,0,1,1,0,0,0,1,1,1,0,0,1
s888,1,1,0,0,1,0,0,0,1,1,0,1,0,1,0,0,1,1,1,0,0,0,1,0,1,1
s889,1,1,0,1,0,0,1,0,0,0,1,0,0,1,1,0,1,1,1,0,1,1,0,1,1,0
s890,0,0,0,1,1,0,0,1,0,1,0,0,0,0,1,0,1,0,0,0,1,1,1,1,1,0
s891,1,1,0,0,0,1,0,1,1,0,1,0,1,1,0,1,0,0,0,0,1,1,0,1,1,1
s892,1,1,0,0,1,1,0,1,0,1,1,0,1,0,0,1,0,0,0,0,1,0,0,1,0,1
s893,1,1,0,0,0,0,1,1,1,0,1,1,0,0,1,0,1,1,0,0,0,1,0,1,1,0
s894,1,1,1,1,0,0,1,1,1,1,1,0,1,0,1,0,1,0,1,1,1,1,0,1,0,0
s895,0,0,0,0,0,1,0,1,1,1,0,1,0,0,1,1,1,1,0,0,0,0,0,1,0,0
s896,0,0,0,0,1,0,0,1,0,1,1,0,0,1,1,1,1,0,1,0,0,0,1,1,1,0
s897,0,0,1,1,1,1,1,1,1,1,0,1,0,0,0,1,0,1,0,1,0,1,0,1,1,0
s898,1,1,1,1,0,0,0,1,1,0,0,0,1,0,0,1,0,1,0,1,0,1,0,1,1,1
s899,0,0,1,1,1,0,1,0,1,0,1,0,1,1,1,1,1,1,1,1,1,1,0,1,0,0
s900,1,0,1,0,0,0,0,1,0,1,0,0,0,1,1,1,0,0,1,0,1,0,0,0,1,0
s901,0,0,1,0,1,1,0,0,1,1,1,1,0,0,1,0,0,1,1,1,0,1,0,1,0,1
s902,1,0,0,0,1,0,0,0,0,0,1,0,0,1,0,0,0,0,0,1,0,0,0,0,1,1
s903,1,1,1,0,0,0,1,1,0,0,0,0,0,1,1,1,0,0,1,0,1,1,0,0,0,0
s904,1,1,0,1,0,1,0,0,0,0,0,1,1,1,0,0,0,1,0,0,1,0,1,0,0,1
s905,1,0,1,1,1,1,1,0,0,1,1,1,1,1,1,0,0,0,1,1,0,0,1,0,1,1
s906,0,0,0,0,0,0,0,1,1,1,0,1,0,0,1,0,1,0,0,0,1,1,1,0,1,0
s907,0,0,0,0,0,1,0,1,0,1,1,0,1,0,1,1,1,1,0,0,0,0,1,0,0,0
s908,0,0,0,1,1,0,1,1,1,0,1,1,0,0,0,0,0,0,0,0,0,0,1,1,1,1
s909,0,0,0,0,0,1,0,1,0,0,1,1,0,1,0,0,1,0,1,1,0,1,1,1,1,0
s910,1,1,0,1,0,0,1,0,0,0,1,1,1,1,1,1,0,1,0,0,0,0,1,1,0,0
s911,0,0,1,0,0,1,0,1,1,1,0,1,0,1,0,0,1,1,1,0,1,1,1,1,0,0
s912,1,1,0,1,0,1,1,1,0,1,1,0,0,0,0,0,1,1,1,0,0,0,0,0,0,1
s913,0,0,0,0,1,1,1,0,1,0,0,1,0,0,0,1,1,0,0,0,1,1,0,1,0,0
s914,0,0,0,0,1,0,0,0,1,0,0,1,1,1,0,0,1,0,1,1,1,0,1,1,0,1
s915,1,1,0,1,1,0,0,0,1,0,1,0,0,0,1,0,1,0,1,1,0,0,0,1,0,0
s916,0,0,1,1,0,0,1,1,1,1,0,0,1,0,0,0,0,1,1,0,1,1,0,0,1,1
s917,0,0,1,1,1,1,0,0,1,1,0,1,0,0,1,1,1,1,0,0,1,0,0,0,0,0
s918,1,1,0,1,1,1,0,1,1,0,0,0,1,0,0,0,1,0,0,1,1,0,1,0,0,1
s919,0,0,1,1,1,0,1,1,1,1,0,1,0,0,0,1,0,1,0,0,0,0,0,1,0,1
s920,0,0,0,1,0,0,1,0,0,1,1,0,1,1,1,1,1,1,1,0,0,1,1,0,1,1
s921,1,1,1,0,0,1,1,1,0,1,0,1,1,1,0,1,0,1,1,0,1,0,1,0,1,1
s922,1,1,1,1,0,1,1,1,1,1,0,0,1,1,0,1,0,0,0,1,0,0,0,1,1,0
s923,0,0,0,1,1,1,1,0,1,1,1,0,0,0,0,0,0,0,1,1,1,1,0,1,1,0
s924,1,1,0,1,0,1,1,1,0,1,1,1,1,0,0,0,0,0,1,0,0,1,0,0,0,1
s925,0,0,0,1,1,0,0,0,0,0,0,0,0,1,1,1,0,1,0,0,0,0,1,1,0,1
s926,0,0,0,0,0,1,1,1,0,1,0,0,1,1,0,1,0,1,1,1,1,0,1,0,0,1
s927,0,0,1,1,1,1,0,1,1,0,1,0,0,1,1,0,0,0,1,1,0,0,1,1,1,1
s928,0,0,0,1,0,0,0,0,1,0,0,0,0,0,0,1,1,1,0,1,0,0,1,1,1,0
s929,0,0,0,0,1,0,1,0,0,0,1,0,1,0,0,0,0,0,0,1,1,1,0,1,0,0
s930,0,0,1,0,1,1,1,0,1,0,1,1,0,0,0,1,0,0,1,0,1,0,0,1,0,0
s931,1,1,0,1,0,1,1,0,0,0,0,0,1,0,0,0,1,0,1,1,0,1,0,0,0,0
s932,0,0,1,0,0,1,1,1,1,1,1,0,0,0,1,1,0,1,0,1,0,1,1,1,0,1
s933,1,1,0,0,0,0,0,0,1,1,1,1,0,1,0,1,0,1,1,1,0,1,0,0,1,0
s934,1,1,1,1,0,1,1,0,0,0,0,0,1,0,0,0,0,1,1,1,0,0,1,0,0,0
s935,0,0,1,1,1,1,0,1,0,1,0,0,0,1,1,1,1,1,0,1,0,1,1,0,1,0
s936,1,1,0,1,0,0,1,0,0,0,0,0,1,1,0,1,1,1,1,0,1,0,0,0,0,0
s937,1,0,1,1,1,0,1,1,0,1,1,0,0,0,1,1,1,1,1,1,1,0,0,0,0,1
s938,0,0,1,0,1,1,1,0,0,1,1,1,0,1,0,0,0,1,0,0,1,0,1,0,1,0
s939,0,0,0,1,0,0,0,0,1,0,0,0,1,0,1,1,0,1,1,0,0,1,0,1,0,1
s940,1,1,0,0,1,1,1,1,1,1,1,0,0,0,0,0,1,0,1,1,0,0,0,0,1,0
s941,0,0,1,1,0,1,1,1,0,0,1,0,1,1,0,1,1,0,0,1,1,1,0,1,0,1
s942,0,0,1,1,1,0,0,0,0,0,1,0,1,1,1,0,1,1,1,0,0,1,1,1,1,0
s943,0,0,1,1,1,1,1,1,1,1,0,0,0,0,0,1,0,0,1,0,1,0,0,0,0,0
s944,1,1,1,1,0,1,1,1,1,1,1,1,0,1,0,0,1,0,0,0,1,1,1,1,1,0
s945,0,0,0,1,0,1,1,0,1,0,1,1,0,1,1,1,0,1,0,1,1,1,1,1,1,0
s946,1,1,1,1,0,1,1,0,0,0,0,1,1,0,0,0,0,1,1,0,0,1,1,0,1,1
s947,0,0,1,1,0,1,1,1,0,1,1,0,1,0,0,1,0,0,1,0,0,0,0,1,0,1
s948,1,1,1,0,0,1,0,1,0,0,1,0,0,1,0,0,1,0,0,1,1,0,0,0,1,0
s949,1,1,1,1,1,1,1,0,0,0,1,0,0,1,0,0,1,0,0,1,1,1,0,1,1,1
s950,0,0,0,0,0,0,1,1,1,0,0,0,1,1,1,1,0,1,0,0,1,0,0,1,1,1
s951,0,0,1,0,0,1,1,0,0,1,0,1,0,0,0,1,1,0,1,0,0,1,1,0,1,1
s952,0,0,0,0,1,0,1,1,1,1,0,0,1,1,0,1,1,1,0,0,1,0,0,1,1,0
s953,1,0,1,0,1,0,0,1,0,1,1,0,0,0,1,1,1,0,0,1,0,1,0,0,0,1
s954,0,0,1,0,1,1,0,1,1,0,1,0,0,0,0,1,0,0,1,0,0,1,0,1,0,1
s955,0,0,0,0,1,1,1,1,0,0,1,1,1,0,0,0,1,1,0,1,1,1,0,1,0,0
s956,0,0,1,1,1,1,0,0,0,1,1,0,0,0,0,1,0,1,0,1,0,1,0,1,1,0
s957,1,1,0,1,0,1,0,1,1,1,0,0,0,0,1,0,1,1,0,1,0,1,1,0,1,1
s958,1,1,1,0,0,0,1,1,1,0,1,0,0,1,1,1,1,1,0,0,1,1,0,0,1,0
s959,1,1,0,1,1,1,1,1,1,1,0,0,1,1,1,0,1,1,0,0,0,0,0,0,1,1
s960,0,0,0,0,0,1,0,0,0,0,0,0,1,0,1,1,1,0,1,1,1,1,0,0,0,1
s961,1,1,0,0,0,0,1,0,0,0,1,1,0,1,0,1,1,0,0,1,1,0,1,0,1,0
s962,0,0,0,1,1,1,0,1,1,1,1,0,1,0,0,1,0,1,0,1,1,1,1,1,1,0
s963,0,0,0,0,0,1,0,1,0,1,0,1,1,1,1,1,0,0,1,1,0,1,1,1,1,0
s964,1,1,0,0,0,1,0,1,0,0,1,0,1,1,1,0,1,0,1,1,0,0,1,1,0,0
s965,0,0,0,1,1,1,0,1,0,1,1,0,1,1,0,1,0,1,0,1,1,0,0,0,1,0
s966,1,1,1,0,0,0,1,1,0,1,1,0,1,1,1,1,0,0,1,1,0,0,0,0,1,1
s967,1,1,1,1,1,0,0,0,1,0,1,1,0,1,1,1,1,1,1,0,0,1,0,0,0,1
s968,1,0,0,1,0,1,0,0,0,1,1,1,0,1,0,1,1,1,1,0,0,1,0,1,1,0
s969,1,1,1,0,1,0,0,1,1,1,1,1,0,1,1,0,1,0,1,0,1,1,0,0,0,1
s970,1,1,0,1,1,1,0,0,1,1,1,0,1,1,1,0,0,0,1,0,0,1,0,1,1,1
s971,0,0,1,1,1,1,1,0,0,1,0,1,1,0,1,0,0,0,0,1,0,1,1,0,1,0
s972,0,0,0,1,0,0,1,1,1,0,0,1,0,0,0,1,1,1,1,1,1,0,0,1,1,1
s973,1,1,0,1,1,1,0,1,0,1,0,1,1,1,1,0,0,1,0,1,0,0,1,1,1,1
s974,1,1,0,1,1,0,1,0,1,1,1,0,0,1,0,1,0,0,0,1,1,0,0,0,0,1
s975,0,0,0,0,1,1,1,0,0,1,0,1,0,1,1,1,1,1,0,1,1,0,0,1,0,0
s976,1,1,1,0,1,0,1,0,1,0,0,1,0,0,1,0,0,1,0,1,1,1,0,1,0,0
s977,0,0,1,0,0,1,0,1,0,1,0,0,1,1,1,1,0,1,0,0,1,1,1,1,0,0
s978,1,1,0,0,1,1,1,0,1,0,1,0,1,1,1,1,1,1,1,1,1,1,0,1,1,0
s979,0,0,0,0,0,0,0,0,1,1,1,0,1,0,0,1,1,0,0,0,1,1,0,0,1,1
s980,1,1,1,0,1,1,1,0,1,1,1,1,1,0,0,0,0,1,1,1,1,0,0,1,1,1
s981,0,0,0,1,1,1,0,1,0,0,0,0,1,0,0,1,0,1,0,1,1,1,1,1,1,1
s982,0,0,1,1,1,1,0,1,1,0,1,0,1,0,0,0,0,1,0,0,1,0,1,1,0,0
s983,0,0,1,1,1,1,0,1,0,1,1,1,1,1,0,1,1,1,1,0,1,1,0,1,1,0
s984,0,0,0,0,0,1,0,1,1,1,0,1,1,1,1,1,0,1,0,1,1,0,1,0,1,0
s985,1,1,1,0,0,1,0,0,0,0,1,0,0,0,1,0,1,1,0,1,1,0,0,1,1,0
s986,1,1,0,1,0,1,1,0,1,1,1,0,1,1,1,0,0,1,1,1,1,0,1,0,0,1
s987,0,0,1,0,1,0,1,1,1,1,0,0,1,0,1,1,1,0,1,0,0,0,0,0,0,0
s988,1,1,1,1,0,0,0,1,0,1,0,1,0,0,1,1,0,1,1,0,1,1,1,0,1,0
s989,0,0,0,0,0,0,0,1,1,0,0,1,1,1,1,0,1,1,0,1,0,1,1,1,0,1
s990,0,0,0,0,0,1,1,1,0,1,0,1,0,1,1,0,0,0,0,1,1,0,0,0,1,0
s991,0,0,1,0,0,0,0,1,0,1,0,1,1,1,1,1,1,1,0,0,1,0,0,0,1,1
s992,1,0,0,1,1,0,1,0,1,0,1,0,1,0,1,1,1,1,1,1,0,1,0,1,0,0
s993,1,1,0,0,0,0,0,1,1,0,1,0,1,0,1,0,1,0,1,0,0,1,0,0,0,1
s994,1,1,0,0,1,0,0,0,0,0,0,0,1,1,1,0,0,0,0,1,0,1,0,1,0,0
s995,1,1,0,1,0,1,1,0,1,0,1,0,0,0,0,1,0,1,0,1,0,0,1,1,0,0
s996,1,1,0,1,0,0,1,0,0,0,0,1,0,0,1,0,1,1,1,0,0,1,1,0,0,0
s997,1,1,0,0,0,1,0,0,1,1,1,1,1,1,1,0,1,0,1,1,1,1,1,1,0,1
s998,1,1,1,1,0,1,0,0,1,0,1,1,1,1,0,0,0,0,1,1,0,1,0,1,1,0
s999,1,1,0,1,1,1,1,1,0,0,0,1,0,0,0,0,0,1,0,0,1,1,1,0,1,1
s1000,0,0,1,0,0,0,0,0,0,0,0,1,0,1,1,0,1,1,0,0,0,1,1,0,1,1
